sample,time_minutes,vessel_level,outlet,inlet,cv.level,derived.level_rate
0,0.0,50.0,60.0,60.0,50.0,0.0
1,0.08333333333333333,50.0,60.0,60.0,50.0,0.0
2,0.16666666666666666,50.0,60.0,60.0,50.0,0.0
3,0.25,50.0,60.0,60.0,50.0,0.0
4,0.3333333333333333,50.0,60.0,60.0,50.0,0.0
5,0.4166666666666667,50.0,60.0,60.0,50.0,0.0
6,0.5,50.0,60.0,60.0,50.0,0.0
7,0.5833333333333334,50.0,60.0,60.0,50.0,0.0
8,0.6666666666666666,50.0,60.0,60.0,50.0,0.0
9,0.75,50.0,60.0,60.0,50.0,0.0
10,0.8333333333333334,50.0,60.0,60.0,50.0,0.0
11,0.9166666666666666,50.0,60.0,60.0,50.0,0.0
12,1.0,50.0,60.0,60.0,50.0,0.0
13,1.0833333333333333,50.0,60.0,60.0,50.0,0.0
14,1.1666666666666667,50.0,60.0,60.0,50.0,0.0
15,1.25,50.0,60.0,60.0,50.0,0.0
16,1.3333333333333333,50.0,60.0,60.0,50.0,0.0
17,1.4166666666666667,50.0,60.0,60.0,50.0,0.0
18,1.5,50.0,60.0,60.0,50.0,0.0
19,1.5833333333333333,50.0,60.0,60.0,50.0,0.0
20,1.6666666666666667,50.0,60.0,60.0,50.0,0.0
21,1.75,50.0,60.0,60.0,50.0,0.0
22,1.8333333333333333,50.0,60.0,60.0,50.0,0.0
23,1.9166666666666667,50.0,60.0,60.0,50.0,0.0
24,2.0,50.0,60.0,60.0,50.0,0.0
25,2.0833333333333335,50.0,60.0,60.0,50.0,0.0
26,2.1666666666666665,50.0,60.0,60.0,50.0,0.0
27,2.25,50.0,60.0,60.0,50.0,0.0
28,2.3333333333333335,50.0,60.0,60.0,50.0,0.0
29,2.4166666666666665,50.0,60.0,60.0,50.0,0.0
30,2.5,50.0,60.0,60.0,50.0,0.0
31,2.5833333333333335,50.005208333333336,60.0,75.0,50.0015625,0.018749999999982947
32,2.6666666666666665,50.01041038819378,60.01808200191212,75.0,50.00421686645813,0.03185239749757329
33,2.75,50.01560177655455,60.04880152099859,75.0,50.00763233948705,0.04098567634707706
34,2.8333333333333335,50.02077943899152,60.08833218153364,75.0,50.011576469338394,0.04732955821609153
35,2.9166666666666665,50.02594124979184,60.13398489506657,75.0,50.01588590347443,0.05171320963239623
36,3.0,50.03108573940479,60.18386991471965,75.0,50.02044585425353,0.05471940934924646
37,3.0833333333333335,50.036211899366606,60.23665930995867,75.0,50.02517566778745,0.05675776240704522
38,3.1666666666666665,50.041319045192324,60.29142002192311,75.0,50.030018681008904,0.05811615865744102
39,3.25,50.04640672000957,60.347496526323,75.0,50.034935092709105,0.05899694040240888
40,3.3333333333333335,50.05147462682796,60.404428363028416,75.0,50.03989695294476,0.05954232282783778
41,3.4166666666666665,50.056522580935,60.46189217172186,75.0,50.04488464134183,0.05985226076487038
42,3.5,50.0615504764379,60.51966095164581,75.0,50.04988439187065,0.05999700634581018
43,3.5833333333333335,50.06655826274786,60.577575427308226,75.0,50.054886553133805,0.06002593515788135
44,3.6666666666666665,50.07154592805242,60.63552392286545,75.0,50.05988436560939,0.059973749707040724
45,3.75,50.07651348769936,60.69342821683072,75.0,50.064873102236376,0.0598648395238115
46,3.8333333333333335,50.08146097603267,60.75123360005561,75.0,50.06984946437527,0.059716345666686266
47,3.9166666666666665,50.0863884406549,60.808901887984945,75.0,50.074811157259155,0.059540314606664424
48,4.0,50.09129593839472,60.866406509320996,75.0,50.079756591599825,0.059345212088032895
49,4.083333333333333,50.09618353247316,60.92372905409501,75.0,50.08468467386182,0.05913698714397242
50,4.166666666666667,50.10105129051223,60.98085684748173,75.0,50.089594658856946,0.058919819941479545
51,4.25,50.10589928313565,61.03778124455887,75.0,50.09448604614055,0.05869664740328062
52,4.333333333333333,50.110727582985724,61.09449643178192,75.0,50.099358507194104,0.05846953264261856
53,4.416666666666667,50.115536264032734,61.150998584605176,75.0,50.10421183424569,0.05823992461901639
54,4.5,50.12032540108988,61.20728527541875,75.0,50.109045904298945,0.05800884063907574
55,4.583333333333333,50.12509506947272,61.26335505742177,75.0,50.11386065385108,0.057776994625584166
56,4.666666666666667,50.12984534476017,61.31920717215095,75.0,50.1186560611238,0.05754488727268381
57,4.75,50.13457630262686,61.37484134392136,75.0,50.12343213357472,0.05731286941099256
58,4.833333333333333,50.1392880187257,61.430257635353115,75.0,50.128188899120005,0.0570811865434564
59,4.916666666666667,50.14398056860562,61.485456345831984,75.0,50.13292639996568,0.05685001014813906
60,5.0,50.14865402765418,61.54043794014681,75.0,50.13764468827223,0.05661945967858628
61,5.083333333333333,50.153308471057535,61.59520299833592,75.0,50.14234382310782,0.05638961802708309
62,5.166666666666667,50.15794397377266,61.64975218044064,75.0,50.14702386830727,0.05616054239339974
63,5.25,50.162560610508166,61.70408620173655,75.0,50.15168489096754,0.05593227192318295
64,5.333333333333333,50.167158455711174,61.75820581532841,75.0,50.15632696039063,0.05570483307710106
65,5.416666666666667,50.171737583558425,61.8121117999211,75.0,50.16095014734097,0.055478243404081695
66,5.5,50.17629806795036,61.86580495122807,75.0,50.16555452352378,0.055252514193739444
67,5.583333333333333,50.18083998250733,61.91928607593684,75.0,50.170140161218846,0.055027652340783106
68,5.666666666666667,50.18536340056723,61.97255598747177,75.0,50.17470713302336,0.054803661654176494
69,5.75,50.18986839518424,62.025615503019004,75.0,50.17925551167162,0.05458054377911026
70,5.833333333333333,50.19435503912818,62.07846544144015,75.0,50.18378536990859,0.05435829884365262
71,5.916666666666667,50.1988234048845,62.13110662180937,75.0,50.18829678040136,0.05413692591321251
72,6.0,50.2032735646545,62.18353986238862,75.0,50.1927898156773,0.05391642331130697
73,6.083333333333333,50.20770559035592,62.235765979912046,75.0,50.19726454808089,0.05369678884304108
74,6.166666666666667,50.2121195536236,62.28778578908592,75.0,50.201721049743696,0.05347801995370105
75,6.25,50.21651552581032,62.3396001022414,75.0,50.20615939256368,0.053260113839769474
76,6.333333333333333,50.220893577987724,62.39120972909431,75.0,50.21057964819089,0.05304306752651655
77,6.416666666666667,50.22525378094724,62.44261547657975,75.0,50.21498188801779,0.05282687792282559
78,6.5,50.229596205201155,62.49381814873959,75.0,50.219366183172795,0.052611541860073885
79,6.583333333333333,50.23392092098357,62.54481854664735,75.0,50.22373260451602,0.05239705611873546
80,6.666666666666667,50.2382279982515,62.59561746835882,75.0,50.22808122263666,0.05218341744765098
81,6.75,50.24251750668592,62.64621570888123,75.0,50.23241210785144,0.051970622577329095
82,6.833333333333333,50.24678951569281,62.69661406015522,75.0,50.236725330203846,0.051758668228899296
83,6.916666666666667,50.25104409440425,62.74681331104548,75.0,50.24102095946397,0.05154755112144471
84,7.0,50.25528131167948,62.796814247338425,75.0,50.24529906512862,0.05133726797583904
85,7.083333333333333,50.25950123610596,62.8466176517436,75.0,50.24955971642182,0.051127815518412945
86,7.166666666666667,50.26370393600044,62.896224303898606,75.0,50.253802982295404,0.05091919048300042
87,7.25,50.26788947941003,62.94563498037599,75.0,50.25802893142979,0.0507113896126441
88,7.333333333333333,50.27205793411326,62.99485045469181,75.0,50.26223763223483,0.05050440966044789
89,7.416666666666667,50.27620936762114,63.04387149731498,75.0,50.26642915285072,0.05029824739068545
90,7.5,50.2803438471782,63.092698875677755,75.0,50.27060356114896,0.05009289957888541
91,7.583333333333333,50.284461439763554,63.1413333541862,75.0,50.274760924733336,0.04988836301251354
92,7.666666666666667,50.288562212091946,63.18977569423142,75.0,50.27890131094092,0.04968463449097271
93,7.75,50.29264623061479,63.238026654200716,75.0,50.28302478684308,0.04948171082594399
94,7.833333333333333,50.29671356152122,63.28608698948911,75.0,50.28713141924652,0.04927958884130135
95,7.916666666666667,50.3007642707391,63.33395745251076,75.0,50.291221274694294,0.04907826537328219
96,8.0,50.30479842393608,63.381638792710596,75.0,50.29529441946683,0.04887773727040212
97,8.083333333333334,50.3088160865206,63.429131756575806,75.0,50.299350919582956,0.04867800139354017
98,8.166666666666666,50.312817323642946,63.47643708764745,75.0,50.30339084080095,0.04847905461593882
99,8.25,50.316802200196236,63.52355552653206,75.0,50.30741424861954,0.048280893823033466
100,8.333333333333334,50.32077078081745,63.57048781091307,75.0,50.3114212082789,0.04808351591236715
101,8.416666666666666,50.32472312988843,63.61723467556221,75.0,50.31541178476175,0.04788691779418741
102,8.5,50.328659311536924,63.66379685235139,75.0,50.3193860427943,0.04769109639059366
103,8.583333333333334,50.33257938963753,63.71017507026385,75.0,50.32334404684727,0.0474960486356224
104,8.666666666666666,50.33648342781274,63.756370055405355,75.0,50.32728586113691,0.047301771475673604
105,8.75,50.34037148943391,63.80238253101578,75.0,50.331211549626005,0.04710826186916961
106,8.833333333333334,50.34424363762229,63.84821321748042,75.0,50.33512117602489,0.04691551678664041
107,8.916666666666666,50.34809993524995,63.893862832341355,75.0,50.33901480379241,0.046723533210212054
108,9.0,50.351940444940816,63.9393320903083,75.0,50.342892496136926,0.046532308134203504
109,9.083333333333334,50.35576522907162,63.98462170327007,75.0,50.34675431601733,0.04634183856487084
110,9.166666666666666,50.359574349772906,64.02973238030582,75.0,50.350600326144004,0.0461521215200662
111,9.25,50.363367868929956,64.07466482769583,75.0,50.35443058897979,0.045963154029408315
112,9.333333333333334,50.367145848183796,64.11941974893266,75.0,50.358245166740986,0.04577493313436776
113,9.416666666666666,50.370908348932154,64.1639978447322,75.0,50.362044121398334,0.045587455888181694
114,9.5,50.3746554323304,64.20839981304472,75.0,50.36582751467795,0.045400719355427555
115,9.583333333333334,50.37838715929253,64.25262634906557,75.0,50.369595408062324,0.045214720612449355
116,9.666666666666666,50.38210359049209,64.29667814524613,75.0,50.37334786279125,0.045029456747101904
117,9.75,50.38580478636317,64.34055589130472,75.0,50.377084939862826,0.04484492485892133
118,9.833333333333334,50.38949080710128,64.38426027423746,75.0,50.380806700034356,0.044661122058357705
119,9.916666666666666,50.393161712664366,64.4277919783286,75.0,50.38451320382336,0.044478045468054006
120,10.0,50.396817562773684,64.47115168516189,75.0,50.388204511508455,0.044295692221140825
121,10.083333333333334,50.40045841691479,64.51434007363045,75.0,50.39188068313035,0.04411405946277114
122,10.166666666666666,50.404084334338414,64.55735781994811,75.0,50.39554177849277,0.043933144349011855
123,10.25,50.40769537406145,64.60020559765955,75.0,50.39918785716337,0.04375294404718488
124,10.333333333333334,50.41129159486782,64.64288407765096,75.0,50.4028189784747,0.04357345573595239
125,10.416666666666666,50.41487305530943,64.68539392816062,75.0,50.40643520152511,0.04339467660497576
126,10.5,50.41843981370707,64.72773581478923,75.0,50.4100365851797,0.04321660385500081
127,10.583333333333334,50.421991928151336,64.76991040051033,75.0,50.413623188071185,0.043039234697857864
128,10.666666666666666,50.42552945650353,64.81191834568071,75.0,50.41719506860089,0.042862566356461684
129,10.75,50.42905245639657,64.85376030805081,75.0,50.42075228493959,0.042686596064385185
130,10.833333333333334,50.43256098523588,64.89543694277468,75.0,50.424294895028474,0.042511321066626806
131,10.916666666666666,50.43605510020032,64.93694890242077,75.0,50.42782295658002,0.04233673861858733
132,11.0,50.439534858243036,64.97829683698163,75.0,50.431336527078926,0.04216284598683728
133,11.083333333333334,50.44300031609238,65.01948139388446,75.0,50.434835663782955,0.04198964044834952
134,11.166666666666666,50.446451530252794,65.0605032180008,75.0,50.4383204237239,0.0418171192913519
135,11.25,50.44988855700569,65.10136295165717,75.0,50.441790863708434,0.04164527981438937
136,11.333333333333334,50.45331145241033,65.14206123464466,75.0,50.445247040319,0.041474119326835535
137,11.416666666666666,50.4567202723047,65.18259870422918,75.0,50.448689009914716,0.04130363514855162
138,11.5,50.46011507230638,65.22297599516126,75.0,50.452116828632214,0.041133824609971725
139,11.583333333333334,50.46349590781343,65.26319373968599,75.0,50.45553055238658,0.04096468505235862
140,11.666666666666666,50.466862834005255,65.30325256755314,75.0,50.45893023687218,0.040796213827206884
141,11.75,50.47021590584344,65.34315310602683,75.0,50.46231593756355,0.04062840829649872
142,11.833333333333334,50.473555178072644,65.38289597989534,75.0,50.46568770971628,0.04046126583270393
143,11.916666666666666,50.47688070522143,65.42248181148092,75.0,50.46904560836782,0.04029478381852414
144,12.0,50.48019254160315,65.46191122064947,75.0,50.47238968833841,0.04012895964706331
145,12.083333333333334,50.48349074131676,65.50118482482021,75.0,50.47572000423191,0.039963790721998294
146,12.166666666666666,50.48677535824767,65.5403032389757,75.0,50.47903661043664,0.03979927445672615
147,12.25,50.49004644606862,65.57926707567086,75.0,50.482339561126224,0.0396354082750463
148,12.333333333333334,50.493304058240476,65.61807694504282,75.0,50.4856289102605,0.03947218961133103
149,12.416666666666666,50.496548248013106,65.65673345482081,75.0,50.48890471158628,0.039309615909331797
150,12.5,50.499779068426186,65.69523721033495,75.0,50.49216701863825,0.03914768462362872
151,12.583333333333334,50.50299657231003,65.73358881452643,75.0,50.495415884739785,0.03898639321843689
152,12.666666666666666,50.50620081228644,65.77178886795653,75.0,50.49865136300378,0.038825739167947404
153,12.75,50.50939184076949,65.80983796881603,75.0,50.501873506333496,0.03866571995658319
154,12.833333333333334,50.512569709966385,65.84773671293475,75.0,50.505082367423356,0.03850633307831686
155,12.916666666666666,50.51573447187826,65.88548569379057,75.0,50.50827799875982,0.03834757603760863
156,13.0,50.518886178300995,65.92308550251924,75.0,50.511460452622174,0.03818944634821264
157,13.083333333333334,50.522024880826024,65.96053672792311,75.0,50.51462978108332,0.03803194153377376
158,13.166666666666666,50.52515063084113,65.9978399564804,75.0,50.51778603601066,0.03787505912808342
159,13.25,50.52826347953129,66.03499577235476,75.0,50.52092926906685,0.03771879667422695
160,13.333333333333334,50.53136347787942,66.07200475740396,75.0,50.52405953171061,0.03756315172518043
161,13.416666666666666,50.5344506766672,66.10886749118917,75.0,50.52717687519758,0.037408121843640174
162,13.5,50.537525126475884,66.14558455098411,75.0,50.53028135058107,0.03725370460185218
163,13.583333333333334,50.54058687768707,66.18215651178399,75.0,50.533373008712864,0.037099897581526875
164,13.666666666666666,50.54363598048349,66.21858394631437,75.0,50.536451900244046,0.03694669837418019
165,13.75,50.54667248484979,66.25486742504044,75.0,50.53951807562577,0.0367941045807072
166,13.833333333333334,50.54969644057334,66.29100751617577,75.0,50.54257158511004,0.03664211381121163
167,13.916666666666666,50.55270789724498,66.3270047856909,75.0,50.54561247875052,0.03649072368577322
168,14.0,50.5557069042598,66.36285979732283,75.0,50.5486408064033,0.03633993183333928
169,14.083333333333334,50.55869351081793,66.39857311258322,75.0,50.55165661772769,0.03618973589266261
170,14.166666666666666,50.56166776592531,66.43414529076769,75.0,50.554659962186975,0.03604013351144886
171,14.25,50.564629718394414,66.46957688896413,75.0,50.55765088904921,0.03589112234678282
172,14.333333333333334,50.567579416845085,66.50486846206158,75.0,50.56062944738797,0.035742700065128474
173,14.416666666666666,50.57051690970524,66.540020562759,75.0,50.56359568608315,0.03559486434215842
174,14.5,50.57344224521164,66.57503374157389,75.0,50.566549653821696,0.035447612862583355
175,14.583333333333334,50.57635547141065,66.60990854685083,75.0,50.56949139909838,0.035300943320237366
176,14.666666666666666,50.579256636158995,66.64464552477,75.0,50.57242097021656,0.03515485341816316
177,14.75,50.582145787124496,66.6792452193558,75.0,50.57533841528894,0.035009340868526806
178,14.833333333333334,50.58502297178683,66.7137081724855,75.0,50.5782437822383,0.034864403392361965
179,14.916666666666666,50.58788823743825,66.74803492389746,75.0,50.58113711879828,0.03472003871974039
180,15.0,50.59074163118436,66.78222601119968,75.0,50.5840184725141,0.0345762445898572
181,15.083333333333334,50.58837486661148,66.81628196987835,60.0,50.585325390743314,0.01568301875053635
182,15.166666666666666,50.58600260226028,66.83212133146161,60.0,50.5855285541984,0.0024379614609983946
183,15.25,50.583629272707554,66.83518911184218,60.0,50.58495876975114,-0.006837413367094314
184,15.333333333333334,50.581257983743704,66.82931221588441,60.0,50.5838485339489,-0.013322829626844168
185,15.416666666666666,50.57889090726484,66.81718025912123,60.0,50.58236124594368,-0.017847456062668243
186,15.5,50.57652955882268,66.80068351344381,60.0,50.58061173980738,-0.020994073635591803
187,15.583333333333334,50.57417499270034,66.78115043233026,60.0,50.57868071567526,-0.023172289585431827
188,15.666666666666666,50.57182793902134,66.75951459551955,60.0,50.576624882679084,-0.024669995954127444
189,15.75,50.56948890011643,66.73643204612205,60.0,50.57448408791029,-0.025689537225503045
190,15.833333333333334,50.56715821825496,66.7123637610379,60.0,50.57228632701369,-0.026373130759196783
191,15.916666666666666,50.56483612324964,66.68763361531258,60.0,50.57005126588447,-0.026820733550636078
192,16.0,50.562522765915475,66.6624691223986,60.0,50.56779271589377,-0.027102599888394252
193,16.083333333333332,50.56021824158615,66.63703006845807,60.0,50.56552037360149,-0.0272681075074388
194,16.166666666666668,50.5579226066424,66.611428637988,60.0,50.563241043513756,-0.027351961052772822
195,16.25,50.55563589012882,66.5857435591203,60.0,50.560959497498274,-0.027378552185780336
196,16.333333333333332,50.553358101918526,66.56003004564818,60.0,50.55867907882434,-0.027365024087202983
197,16.416666666666668,50.55108923845159,66.53432678477947,60.0,50.55640212671251,-0.027323425341933216
198,16.5,50.54882928676809,66.50866084848037,60.0,50.55413027472918,-0.027262223799965568
199,16.583333333333332,50.5465782273426,66.4830511454117,60.0,50.5518646605132,-0.02718737059174714
200,16.666666666666668,50.54433603607624,66.45751084712226,60.0,50.549606073182105,-0.027103047973184857
201,16.75,50.54210268569662,66.43204909329741,60.0,50.54735505693645,-0.02701219494781526
202,16.833333333333332,50.53987814674166,66.40667219029169,60.0,50.54511198387801,-0.026916876701335468
203,16.916666666666668,50.53766238825085,66.38138445351578,60.0,50.54287710518986,-0.026818544257793064
204,17.0,50.53545537825102,66.35618879950692,60.0,50.5406505871082,-0.026718216979872977
205,17.083333333333332,50.53325708409753,66.33108716206364,60.0,50.53843253620499,-0.026616610838516408
206,17.166666666666668,50.53106747271394,66.3060807847246,60.0,50.53622301715768,-0.026514228567748432
207,17.25,50.52888651076035,66.28117042633565,60.0,50.534022065238474,-0.026411423030481274
208,17.333333333333332,50.52671416475149,66.25635650553019,60.0,50.53182969509237,-0.026308441753258194
209,17.416666666666668,50.524550401139585,66.23163920227681,60.0,50.52964590690654,-0.026205458229981105
210,17.5,50.522395186372485,66.2070185292491,60.0,50.52747069074632,-0.026102593922615824
211,17.583333333333332,50.52024848693429,66.1824943819862,60.0,50.52530402960271,-0.025999933723340973
212,17.666666666666668,50.51811026937383,66.15806657414733,60.0,50.523145901534036,-0.025897536824061262
213,17.75,50.515980500324424,66.13373486228777,60.0,50.52099628117115,-0.025795444354628216
214,17.833333333333332,50.51385914651773,66.10949896327139,60.0,50.518855140775116,-0.025693684752411627
215,17.916666666666668,50.51174617479325,66.08535856650678,60.0,50.51672245098055,-0.02559227753476989
216,18.0,50.50964155210487,66.06131334254653,60.0,50.514598181317844,-0.0254912359525008
217,18.083333333333332,50.50754524552531,66.03736294912855,60.0,50.51248230058008,-0.025390568853140394
218,18.166666666666668,50.50545722224912,66.01350703542113,60.0,50.510374777080784,-0.025290281991573238
219,18.25,50.5033774495946,65.98974524500447,60.0,50.508275578834926,-0.025190378950298964
220,18.333333333333332,50.50130589500503,65.96607721796514,60.0,50.50618467368595,-0.025090861787703034
221,18.416666666666668,50.49924252604935,65.94250259236546,60.0,50.50410202939497,-0.02499173149175249
222,18.5,50.49718731042252,65.91902100527562,60.0,50.502027613703234,-0.02489298830084863
223,18.583333333333332,50.49514021594561,65.89563209349646,60.0,50.499961394375944,-0.02479463192747744
224,18.666666666666668,50.493101210565726,65.87233549406655,60.0,50.49790333923288,-0.024696661716802737
225,18.75,50.49107026235579,65.8491308446165,60.0,50.49585341616975,-0.02459907675751083
226,18.833333333333332,50.48904733951426,65.8260177836164,60.0,50.493811593173106,-0.024501875959742847
227,18.916666666666668,50.48703241036476,65.80299595054801,60.0,50.4917778383306,-0.02440505811009075
228,19.0,50.485025443355724,65.78006498602413,60.0,50.48975211983813,-0.024308621909625572
229,19.083333333333332,50.48302640705994,65.7572245318711,60.0,50.48773440600467,-0.024212566001523328
230,19.166666666666668,50.48103527017411,65.73447423118482,60.0,50.485724665255496,-0.024116888990079133
231,19.25,50.479052001518426,65.71181372836836,60.0,50.48372286613437,-0.024021589453496972
232,19.333333333333332,50.47707657003608,65.68924266915727,60.0,50.48172897730488,-0.023926665953865722
233,19.416666666666668,50.47510894479281,65.66676070063528,60.0,50.47974296755126,-0.02383211704346877
234,19.5,50.47314909497641,65.64436747124388,60.0,50.477764805778804,-0.023737941269473595
235,19.583333333333332,50.47119698989627,65.62206263078741,60.0,50.47579446101405,-0.023644137177086577
236,19.666666666666668,50.469252598982926,65.59984583043511,60.0,50.473831902404704,-0.023550703312110954
237,19.75,50.467315891787536,65.5777167227207,60.0,50.47187709921955,-0.023457638221884736
238,19.833333333333332,50.46538683798145,65.55567496154099,60.0,50.46993002084812,-0.023364940457156536
239,19.916666666666668,50.4634654073557,65.53372020215282,60.0,50.46799063680039,-0.023272608572767695
240,20.0,50.46155156982057,65.51185210116921,60.0,50.466058916706444,-0.02318064112731122
241,20.083333333333332,50.4596452954051,65.4900703165559,60.0,50.46413483031604,-0.023089036684837083
242,20.166666666666668,50.45774655425662,65.46837450762625,60.0,50.462218347498215,-0.022997793813914313
243,20.25,50.45585531664029,65.44676433503699,60.0,50.460309438240834,-0.022906911088568904
244,20.333333333333332,50.453971552938626,65.42523946078315,60.0,50.45840807265017,-0.022816387087942758
245,20.416666666666668,50.45209523365106,65.40379954819325,60.0,50.45651422095044,-0.022726220396805275
246,20.5,50.450226329393445,65.38244426192401,60.0,50.45462785348333,-0.02263640960529756
247,20.583333333333332,50.44836481089763,65.36117326795532,60.0,50.452748940707615,-0.022546953308591355
248,20.666666666666668,50.44651064901097,65.33998623358555,60.0,50.450877453198615,-0.0224578501079975
249,20.75,50.444663814695886,65.31888282742574,60.0,50.44901336164779,-0.022369098609857474
250,20.833333333333332,50.44282427902943,65.29786271939493,60.0,50.44715663686228,-0.02228069742614025
251,20.916666666666668,50.440992013202795,65.27692558071485,60.0,50.44530724976443,-0.02219264517418651
252,21.0,50.43916698852088,65.25607108390486,60.0,50.44346517139137,-0.0221049404767939
253,21.083333333333332,50.43734917640186,65.23529890277689,60.0,50.44163037289451,-0.0220175819623023
254,21.166666666666668,50.43553854837671,65.21460871243019,60.0,50.43980282553917,-0.02193056826408224
255,21.25,50.43373507608878,65.19400018924661,60.0,50.43798250070405,-0.02184389802138753
256,21.333333333333332,50.431938731293336,65.1734730108851,60.0,50.43616936988083,-0.021757569878673166
257,21.416666666666668,50.43014948585713,65.15302685627682,60.0,50.43436340467371,-0.02167158248542478
258,21.5,50.42836731175795,65.13266140562042,60.0,50.43256457679898,-0.0215859344967555
259,21.583333333333332,50.42659218108421,65.11237634037677,60.0,50.430772858084545,-0.021500624573235427
260,21.666666666666668,50.42482406603447,65.09217134326379,60.0,50.42898822046952,-0.021415651380294776
261,21.75,50.42306293891702,65.07204609825193,60.0,50.427210636003764,-0.02133101358907652
262,21.833333333333332,50.421308772149466,65.05200029055884,60.0,50.42544007684747,-0.021246709875498482
263,21.916666666666668,50.41956153825827,65.0320336066448,60.0,50.42367651527071,-0.02116273892119125
264,22.0,50.41782120987834,65.01214573420746,60.0,50.42191992365299,-0.021079099412560254
265,22.083333333333332,50.416087759752585,64.99233636217728,60.0,50.420170274482864,-0.020995790041553164
266,22.166666666666668,50.4143611607315,64.97260518071235,60.0,50.418427540357456,-0.020912809504892493
267,22.25,50.41264138577275,64.95295188119393,60.0,50.416691693982045,-0.020830156504928254
268,22.333333333333332,50.41092840794073,64.93337615622113,60.0,50.414962708169654,-0.020747829748700042
269,22.416666666666668,50.40922220040614,64.91387769960657,60.0,50.413240555840595,-0.02066582794870442
270,22.5,50.40752273644559,64.8944562063712,60.0,50.41152521002209,-0.020584149822042264
271,22.583333333333332,50.405829989441166,64.87511137274001,60.0,50.409816643847805,-0.020502794091441956
272,22.666666666666668,50.40414393288001,64.8558428961367,60.0,50.408114830557466,-0.02042175948406566
273,22.75,50.402464540353904,64.83665047517962,60.0,50.40641974349639,-0.02034104473287357
274,22.833333333333332,50.40079178555888,64.81753380967622,60.0,50.404731356115136,-0.020260648575089135
275,22.916666666666668,50.39912564229478,64.79849260061911,60.0,50.40304964196903,-0.02018056975330751
276,23.0,50.39746608446485,64.779526550181,60.0,50.40137457471777,-0.020100807015069222
277,23.083333333333332,50.39581308607537,64.76063536171006,60.0,50.39970612812505,-0.020021359112689652
278,23.166666666666668,50.394166621235186,64.74181873972543,60.0,50.39804427605809,-0.01994222480351482
279,23.25,50.392526664155355,64.72307638991253,60.0,50.39638899248727,-0.01986340284983612
280,23.333333333333332,50.39089318914872,64.70440801911839,60.0,50.3947402514857,-0.019784892018805067
281,23.416666666666668,50.389266170629504,64.68581333534708,60.0,50.39309802722884,-0.019706691082348016
282,23.5,50.38764558311292,64.66729204775527,60.0,50.39146229399405,-0.019628798817421966
283,23.583333333333332,50.38603140121478,64.64884386664745,60.0,50.38983302616027,-0.019551214005417705
284,23.666666666666668,50.38442359965107,64.63046850347185,60.0,50.38821019820751,-0.019473935433097722
285,23.75,50.3828221532376,64.61216567081532,60.0,50.38659378471653,-0.019396961891743558
286,23.833333333333332,50.38122703688954,64.5939350823991,60.0,50.38498376036843,-0.019320292177241072
287,23.916666666666668,50.379638225621115,64.57577645307457,60.0,50.38338009994423,-0.019243925090336234
288,24.0,50.37805569454514,64.5576894988186,60.0,50.38178277832451,-0.01916785943672039
289,24.083333333333332,50.37647941887266,64.53967393672896,60.0,50.38019177048895,-0.01909209402668921
290,24.166666666666668,50.37490937391259,64.52172948501996,60.0,50.37860705151604,-0.019016627674886877
291,24.25,50.37334553507126,64.50385586301843,60.0,50.377028596582605,-0.018941459201244015
292,24.333333333333332,50.37178787785211,64.4860527911587,60.0,50.375456380963456,-0.018866587429783976
293,24.416666666666668,50.37023637785524,64.46831999097878,60.0,50.373890380030986,-0.01879201118964602
294,24.5,50.36869101077708,64.45065718511556,60.0,50.372330569254814,-0.018717729314062126
295,24.583333333333332,50.36715175240996,64.43306409730098,60.0,50.37077692420135,-0.01864374064155072
296,24.666666666666668,50.36561857864178,64.41554045235705,60.0,50.36922942053347,-0.018570044014552423
297,24.75,50.3640914654556,64.39808597619216,60.0,50.3676880340101,-0.018496638280453226
298,24.833333333333332,50.362570388929285,64.38070039579648,60.0,50.36615274048586,-0.018423522290902383
299,24.916666666666668,50.36105532523511,64.36338343923792,60.0,50.36462351591064,-0.018350694902665055
300,25.0,50.35954625063939,64.34613483565734,60.0,50.36310033632926,-0.01827815497651386
301,25.083333333333332,50.358043141502144,64.32895431526478,60.0,50.36158317788112,-0.01820590137765521
302,25.166666666666668,50.35654597427668,64.31184160933535,60.0,50.36007201679979,-0.01813393297598509
303,25.25,50.35505472550925,64.29479645020474,60.0,50.358566829412624,-0.01806224864600381
304,25.333333333333332,50.35356937183867,64.27781857126497,60.0,50.35706759214044,-0.017990847266219134
305,25.416666666666668,50.35208988999597,64.26090770696061,60.0,50.3555742814971,-0.01791972772008421
306,25.5,50.35061625680403,64.24406359278412,60.0,50.35408687408918,-0.017848888895059645
307,25.583333333333332,50.3491484491772,64.22728596527212,60.0,50.35260534661558,-0.017778329683125094
308,25.666666666666668,50.34768644412095,64.21057456200111,60.0,50.35112967586719,-0.017708048980694002
309,25.75,50.34623021873151,64.19392912158335,60.0,50.34965983872648,-0.017638045688528337
310,25.833333333333332,50.34477975019552,64.17734938366276,60.0,50.34819581216719,-0.01756831871148279
311,25.916666666666668,50.34333501578965,64.16083508891107,60.0,50.34673757325392,-0.017498866959272164
312,26.0,50.34189599288027,64.14438597902326,60.0,50.34528509914182,-0.0174296893451924
313,26.083333333333332,50.34046265892307,64.12800179671422,60.0,50.343838367076195,-0.017360784787484818
314,26.166666666666668,50.33903499146275,64.1116822857141,60.0,50.342397354392155,-0.017292152208483458
315,26.25,50.337612968132625,64.09542719076444,60.0,50.34096203851429,-0.017223790534359296
316,26.333333333333332,50.33619656665429,64.07923625761461,60.0,50.33953239695629,-0.017155698696058153
317,26.416666666666668,50.334785764837264,64.06310923301731,60.0,50.338108407320576,-0.01708787562853331
318,26.5,50.33338054057868,64.04704586472482,60.0,50.336690047298006,-0.01702032027083078
319,26.583333333333332,50.33198087186289,64.03104590148511,60.0,50.33527729466746,-0.01695303156651562
320,26.666666666666668,50.33058673676114,64.0151090930377,60.0,50.33387012729556,-0.01688600846281929
321,26.75,50.32919811343124,63.99923519011009,60.0,50.33246852313626,-0.016819249911662837
322,26.833333333333332,50.3278149801172,63.98342394441348,60.0,50.33107246023054,-0.0167527548686337
323,26.916666666666668,50.32643731514892,63.96767510863925,60.0,50.32968191670605,-0.01668652229383838
324,27.0,50.32506509694182,63.95198843645474,60.0,50.32829687077678,-0.016620551151220297
325,27.083333333333332,50.32369830399651,63.93636368249967,60.0,50.32691730074269,-0.016554840409071403
326,27.166666666666668,50.32233691489846,63.92080060238201,60.0,50.32554318498942,-0.01648938903926478
327,27.25,50.320980908317665,63.90529895267469,60.0,50.32417450198789,-0.01642419601836309
328,27.333333333333332,50.31963026300832,63.88985849091114,60.0,50.322811230294015,-0.01635926032651014
329,27.416666666666668,50.318284957808466,63.87447897558193,60.0,50.321453348548346,-0.016294580948027715
330,27.5,50.31694497163967,63.8591601661309,60.0,50.320100835475735,-0.016230156871330337
331,27.583333333333332,50.3156102835067,63.84390182295127,60.0,50.31875366988503,-0.016165987088498923
332,27.666666666666668,50.31428087249719,63.82870370738221,60.0,50.317411830668675,-0.01610207059621871
333,27.75,50.312956717781326,63.81356558170453,60.0,50.31607529680247,-0.01603840639450027
334,27.833333333333332,50.311637798611486,63.798487209137555,60.0,50.314744047345165,-0.01597499348761744
335,27.916666666666668,50.310324094321956,63.78346835383511,60.0,50.3134180614382,-0.015911830883595712
336,28.0,50.30901558432859,63.76850878088203,60.0,50.31209731830531,-0.01584891759463858
337,28.083333333333332,50.30771224812849,63.75360825629019,60.0,50.31078179725226,-0.015786252636615927
338,28.166666666666668,50.30641406529967,63.73876654699513,60.0,50.30947147766648,-0.01572383502940511
339,28.25,50.30512101550076,63.72398342085223,60.0,50.30816633901676,-0.01566166379663514
340,28.333333333333332,50.30383307847068,63.70925864663322,60.0,50.30686636085293,-0.015599737965942495
341,28.416666666666668,50.30255023402831,63.69459199402242,60.0,50.305571522805536,-0.01553805656871532
342,28.5,50.30127246207219,63.679983233613214,60.0,50.30428180458553,-0.01547661864009342
343,28.583333333333332,50.29999974258021,63.665432136904535,60.0,50.302997185983926,-0.015415423219224067
344,28.666666666666668,50.29873205560928,63.650938476297085,60.0,50.30171764687153,-0.0153544693487504
345,28.75,50.29746938129501,63.636502025090074,60.0,50.30044316719857,-0.015293756075493548
346,28.833333333333332,50.29621169985144,63.62212255747729,60.0,50.29917372699443,-0.015233282449685248
347,28.916666666666668,50.294958991570695,63.607799848543905,60.0,50.29790930636731,-0.015173047525479433
348,29.0,50.29371123682269,63.59353367426278,60.0,50.296649885503925,-0.015113050360611169
349,29.083333333333332,50.29246841605481,63.57932381149112,60.0,50.29539544466918,-0.01505329001690825
350,29.166666666666668,50.291230509791625,63.565170037966624,60.0,50.29414596420591,-0.014993765559268013
351,29.25,50.28999749863458,63.55107213230461,60.0,50.292901424534506,-0.014934476056851054
352,29.333333333333332,50.288769363261665,63.537029873994,60.0,50.291661806152646,-0.014875420582313836
353,29.416666666666668,50.287546084427156,63.523043043394054,60.0,50.290427089634996,-0.014816598211808696
354,29.5,50.286327642961275,63.509111421731085,60.0,50.28919725563288,-0.014758008025410163
355,29.583333333333332,50.28511401976992,63.495234791094774,60.0,50.28797228487399,-0.01469964910668864
356,29.666666666666668,50.28390519583435,63.48141293443489,60.0,50.286752158162095,-0.014641520542710396
357,29.75,50.28270115221089,63.46764563555803,60.0,50.28553685637673,-0.014583621424378634
358,29.833333333333332,50.28150187003064,63.453932679123966,60.0,50.2843263604729,-0.014525950845921898
359,29.916666666666668,50.28030733049916,63.44027385064258,60.0,50.28312065148077,-0.014468507905576189
360,30.0,50.27911751489622,63.42666893647008,60.0,50.281919710505406,-0.01441129170439126
361,30.083333333333332,50.27793240457545,63.413117723806344,60.0,50.28072351872642,-0.014354301347850651
362,30.166666666666668,50.2767519809641,63.39962000069079,60.0,50.27953205739772,-0.01429753594442218
363,30.25,50.27557622556271,63.38617555599954,60.0,50.27834530784721,-0.014240994606069535
364,30.333333333333332,50.274405119944845,63.372784179442185,60.0,50.2771632514765,-0.014184676448508071
365,30.416666666666668,50.273238645756805,63.35944566155822,60.0,50.27598586976059,-0.014128580590949014
366,30.5,50.27207678471732,63.346159793713774,60.0,50.2748131442476,-0.014072706155843662
367,30.583333333333332,50.27091951861728,63.33292636809858,60.0,50.2736450565585,-0.01401705226922445
368,30.666666666666668,50.269766829319465,63.31974517772263,60.0,50.27248158838678,-0.013961618060619685
369,30.75,50.26861869875821,63.306616016412846,60.0,50.27132272149821,-0.01390640266288301
370,30.833333333333332,50.26747510893918,63.293538678809995,60.0,50.2701684377305,-0.013851405212534473
371,30.916666666666668,50.266336041939056,63.28051296036524,60.0,50.26901871899307,-0.013796624849163663
372,31.0,50.26520147990526,63.26753865733727,60.0,50.26787354726672,-0.013742060716197102
373,31.083333333333332,50.26407140505568,63.254615566788665,60.0,50.2667329046034,-0.013687711959789794
374,31.166666666666668,50.2629457996784,63.241743486583374,60.0,50.26559677312589,-0.013633577730104207
375,31.25,50.26182464613139,63.22892221538294,60.0,50.264465135027535,-0.013579657180287086
376,31.333333333333332,50.26070792684227,63.21615155264368,60.0,50.263337972571954,-0.013525949466981046
377,31.416666666666668,50.259595624308034,63.20343129861344,60.0,50.262215268092774,-0.013472453750154045
378,31.5,50.258487721094724,63.190761254328436,60.0,50.261097003993356,-0.013419169193014113
379,31.583333333333332,50.25738419983722,63.178141221610254,60.0,50.259983162746515,-0.013366094962094621
380,31.666666666666668,50.25628504323893,63.16557100306269,60.0,50.25887372689424,-0.013313230227339545
381,31.75,50.25519023407155,63.153050402068565,60.0,50.25776867904742,-0.013260574161762406
382,31.833333333333332,50.25409975517475,63.14057922278686,60.0,50.256668001885615,-0.013208125941702065
383,31.916666666666668,50.253013589455946,63.12815727014958,60.0,50.25557167815671,-0.013155884746822721
384,32.0,50.251931719890024,63.115784349858615,60.0,50.2544796906767,-0.013103849760113917
385,32.083333333333336,50.250854129519055,63.103460268382655,60.0,50.25339202232941,-0.013052020167549472
386,32.166666666666664,50.249780801452054,63.09118483295437,60.0,50.2523086560662,-0.013000395158513811
387,32.25,50.248711718864705,63.078957851567196,60.0,50.25122957490575,-0.01294897392537564
388,32.333333333333336,50.24764686499909,63.06677913297257,60.0,50.25015476193375,-0.012897755663999533
389,32.416666666666664,50.24658622316344,63.05464848667661,60.0,50.24908420030265,-0.012846739573234345
390,32.5,50.245529776731864,63.04256572293735,60.0,50.24801787323141,-0.012795924854827945
391,32.583333333333336,50.2444775091441,63.03053065276198,60.0,50.246955764005214,-0.012745310714365132
392,32.666666666666664,50.24342940390524,63.018543087903296,60.0,50.245897855975215,-0.012694896359988661
393,32.75,50.242385444585494,63.00660284085724,60.0,50.2448441325583,-0.012644681002996094
394,32.833333333333336,50.24134561481992,62.994709724859995,60.0,50.24379457723678,-0.01259466385826613
395,32.916666666666664,50.240309898308155,62.98286355388457,60.0,50.24274917355819,-0.012544844143064893
396,33.0,50.23927827881418,62.97106414263862,60.0,50.24170790513498,-0.012495221078495433
397,33.083333333333336,50.23825074016607,62.95931130656078,60.0,50.2406707556443,-0.012445793888133494
398,33.166666666666664,50.23722726625572,62.94760486181839,60.0,50.23963770882772,-0.012396561798965422
399,33.25,50.236207841038606,62.935944625304295,60.0,50.23860874849098,-0.012347524040876579
400,33.333333333333336,50.235192448533525,62.92433041463409,60.0,50.23758385850374,-0.012298679846907135
401,33.416666666666664,50.234181072822366,62.91276204814319,60.0,50.236563022799324,-0.012250028452996276
402,33.5,50.23317369804984,62.9012393448841,60.0,50.23554622537447,-0.012201569098237997
403,33.583333333333336,50.232170308423235,62.88976212462343,60.0,50.23453345028909,-0.012153301024540042
404,33.666666666666664,50.23117088821218,62.878330207839305,60.0,50.23352468166602,-0.0121052234768797
405,33.75,50.23017542174839,62.866943415718445,60.0,50.23251990369073,-0.012057335703474337
406,33.833333333333336,50.22918389342542,62.855601570153134,60.0,50.23151910061114,-0.012009636955099268
407,33.916666666666664,50.22819628769843,62.844304493738825,60.0,50.23052225673732,-0.011962126485769886
408,34.0,50.227212589083926,62.83305200977108,60.0,50.229529356441304,-0.011914803552230069
409,34.083333333333336,50.226232782159535,62.82184394224304,60.0,50.228540384156766,-0.011867667414463767
410,34.166666666666664,50.225256851563756,62.810680115842366,60.0,50.227555324378855,-0.011820717334927622
411,34.25,50.22428478199572,62.799560355948906,60.0,50.22657416166391,-0.011773952579318347
412,34.333333333333336,50.22331655821495,62.78848448863168,60.0,50.22559688062922,-0.011727372416316939
413,34.416666666666664,50.22235216504111,62.77745234064607,60.0,50.22462346595279,-0.011680976117162345
414,34.5,50.22139158735381,62.76646373943142,60.0,50.22365390237309,-0.011634762956418854
415,34.583333333333336,50.220434810092314,62.75551851310789,60.0,50.222688174688855,-0.011588732210782382
416,34.666666666666664,50.219481818255346,62.74461649047449,60.0,50.2217262677588,-0.011542883160700512
417,34.75,50.21853259690083,62.733757501005556,60.0,50.2207681665014,-0.011497215088752455
418,34.833333333333336,50.21758713114567,62.72294137484872,60.0,50.21981385589468,-0.01145172728067223
419,34.916666666666664,50.216645406165526,62.712167942822,60.0,50.218863320975935,-0.011406419024922343
420,35.0,50.21570740719455,62.70143703641117,60.0,50.217916546841515,-0.011361289613034842
421,35.083333333333336,50.214773119525184,62.69074848776694,60.0,50.21697351864661,-0.011316338338843934
422,35.166666666666664,50.213842528507925,62.68010212970276,60.0,50.216034221605,-0.011271564499338638
423,35.25,50.21291561955109,62.66949779569189,60.0,50.21509864098883,-0.011226967394065923
424,35.333333333333336,50.211992378120584,62.658935319864966,60.0,50.21416676212835,-0.011182546325727571
425,35.416666666666664,50.21107278973968,62.648414537007056,60.0,50.21323857041175,-0.011138300599242257
426,35.5,50.21015683998879,62.63793528255558,60.0,50.212314051284864,-0.011094229522598198
427,35.583333333333336,50.20924451450525,62.62749739259743,60.0,50.21139319025097,-0.011050332406682628
428,35.666666666666664,50.20833579898307,62.61710070386623,60.0,50.2104759728706,-0.011006608564514408
429,35.75,50.207430679172745,62.60674505374037,60.0,50.20956238476124,-0.01096305731226721
430,35.833333333333336,50.206529140880995,62.59643028024003,60.0,50.20865241159717,-0.010919677968843189
431,35.916666666666664,50.20563116997057,62.58615622202459,60.0,50.20774603910919,-0.010876469855787718
432,36.0,50.20473675236002,62.5759227183902,60.0,50.206843253084436,-0.010833432297033596
433,36.083333333333336,50.20384587402347,62.56572960926751,60.0,50.205944039366145,-0.0107905646194979
434,36.166666666666664,50.20295852099041,62.55557673521885,60.0,50.20504838385342,-0.01074786615265566
435,36.25,50.202074679345465,62.54546393743588,60.0,50.20415627250104,-0.010705336228625129
436,36.333333333333336,50.201194335228195,62.53539105773708,60.0,50.20326769131918,-0.010662974182253038
437,36.416666666666664,50.20031747483286,62.52535793856517,60.0,50.20238262637328,-0.010620779350858811
438,36.5,50.19944408440821,62.51536442298484,60.0,50.20150106378376,-0.01057875107423456
439,36.583333333333336,50.19857415025728,62.50541035468038,60.0,50.200622989725815,-0.010536888695327207
440,36.666666666666664,50.19770765873716,62.49549557795274,60.0,50.199748390429214,-0.0104951915592153
441,36.75,50.196844596258785,62.48561993771753,60.0,50.198877252178086,-0.010453659013535344
442,36.833333333333336,50.19598494928673,62.475783279502636,60.0,50.19800956131068,-0.01041229040890812
443,36.916666666666664,50.195128704339005,62.46598544944537,60.0,50.19714530421917,-0.010371085098086041
444,37.0,50.19427584798682,62.45622629429052,60.0,50.196284467349464,-0.010330042436464737
445,37.083333333333336,50.193426366854396,62.44650566138786,60.0,50.19542703720094,-0.010289161782253586
446,37.166666666666664,50.19258024761874,62.43682339868946,60.0,50.19457300032627,-0.010248442496049393
447,37.25,50.191737477009454,62.42717935474753,60.0,50.193722343331224,-0.010207883940580587
448,37.333333333333336,50.19089804180851,62.41757337871235,60.0,50.192875052874406,-0.010167485481815675
449,37.416666666666664,50.190061928850064,62.408005320329245,60.0,50.1920311156671,-0.01012724648768426
450,37.5,50.189229125020226,62.39847502993677,60.0,50.191190518473036,-0.010087166328759167
451,37.583333333333336,50.18839961725687,62.388982358464204,60.0,50.19035324810818,-0.010047244378256437
452,37.666666666666664,50.18757339254943,62.379527157429074,60.0,50.18951929144055,-0.010007480011609005
453,37.75,50.18675043793869,62.37010927893508,60.0,50.18868863538998,-0.00996787260680776
454,37.833333333333336,50.18593074051658,62.360728575669704,60.0,50.18786126692796,-0.009928421544231014
455,37.916666666666664,50.18511428742599,62.35138490090194,60.0,50.187037173077364,-0.009889126207156096
456,38.0,50.184301065860545,62.3420781084796,60.0,50.18621634091232,-0.009849985980565634
457,38.083333333333336,50.18349106306442,62.33280805282769,60.0,50.18539875755795,-0.009811000252426538
458,38.166666666666664,50.18268426633215,62.32357458894563,60.0,50.184584410190205,-0.00977216841292261
459,38.25,50.1818806630084,62.31437757240518,60.0,50.18377328603566,-0.009733489854539812
460,38.333333333333336,50.181080240487795,62.30521685934824,60.0,50.18296537237129,-0.009694963972407322
461,38.416666666666664,50.180282986214706,62.296092306484425,60.0,50.18216065652432,-0.009656590163700685
462,38.5,50.17948888768308,62.28700377108909,60.0,50.18135912587194,-0.009618367828494456
463,38.583333333333336,50.1786979324362,62.27795111100064,60.0,50.180560767841214,-0.009580296368739027
464,38.666666666666664,50.17791010806654,62.268934184618765,60.0,50.17976556990881,-0.009542375188857477
465,38.75,50.17712540221553,62.25995285090212,60.0,50.178973519600824,-0.009504603695830838
466,38.833333333333336,50.17634380257339,62.25100696936591,60.0,50.17818460449259,-0.00946698129877177
467,38.916666666666664,50.17556529687892,62.24209640007993,60.0,50.17739881220849,-0.009429507409265625
468,39.0,50.17478987291931,62.23322100366618,60.0,50.17661613042173,-0.009392181441114644
469,39.083333333333336,50.17401751852997,62.22438064129684,60.0,50.1758365468542,-0.009355002810337965
470,39.166666666666664,50.173248221594314,62.21557517469216,60.0,50.175060049276226,-0.009317970935683206
471,39.25,50.17248197004358,62.20680446611792,60.0,50.174286625506426,-0.009281085237603293
472,39.333333333333336,50.17171875185664,62.19806837838381,60.0,50.173516263411486,-0.00924434513927963
473,39.416666666666664,50.17095855505982,62.18936677484088,60.0,50.172748950905984,-0.009207750066025255
474,39.5,50.170201367726705,62.18069951937952,60.0,50.171984675952196,-0.009171299445455361
475,39.583333333333336,50.16944717797794,62.172066476427354,60.0,50.17122342655992,-0.00913499270731677
476,39.666666666666664,50.16869597398109,62.163467510947164,60.0,50.17046519078627,-0.00909882928382899
477,39.75,50.16794774395038,62.15490248843462,60.0,50.169709956735495,-0.0090628086092579
478,39.833333333333336,50.167202476146585,62.146371274916355,60.0,50.16895771255882,-0.009026930120086263
479,39.916666666666664,50.16646015887681,62.13787373694786,60.0,50.168208446454216,-0.008991193255269536
480,40.0,50.165720780494304,62.1294097416112,60.0,50.16746214666624,-0.008955597455724273
481,40.083333333333336,50.164984329398294,62.12097915651312,60.0,50.16671880148585,-0.008920142164669187
482,40.166666666666664,50.164250794033784,62.112581849782956,60.0,50.16597839925023,-0.008884826827454617
483,40.25,50.163520162891395,62.10421769007057,60.0,50.16524092834257,-0.008849650891903593
484,40.333333333333336,50.16279242450718,62.09588654654405,60.0,50.164506377191955,-0.008814613807373917
485,40.416666666666664,50.16206756746243,62.0875882888883,60.0,50.1637747342731,-0.008779715026292934
486,40.5,50.161345580383504,62.079322787302104,60.0,50.16304598810622,-0.008744954002537497
487,40.583333333333336,50.16062645194167,62.071089912496824,60.0,50.16232012725685,-0.00871033019245715
488,40.666666666666664,50.15991017085288,62.06288953569402,60.0,50.16159714033566,-0.008675843054277266
489,40.75,50.15919672587766,62.05472152862374,60.0,50.16087701599825,-0.00864149204886644
490,40.833333333333336,50.158486105820884,62.04658576352201,60.0,50.160159742945034,-0.008607276638628036
491,40.916666666666664,50.1577782995316,62.03848211312941,60.0,50.159445309921,-0.008573196288438112
492,41.0,50.15707329590289,62.03041045068875,60.0,50.15873370571556,-0.008539250465219084
493,41.083333333333336,50.15637108387166,62.02237064994312,60.0,50.158024919162386,-0.008505438638110263
494,41.166666666666664,50.15567165241849,62.01436258513387,60.0,50.157318939139216,-0.008471760278041529
495,41.25,50.154974990567446,62.00638613099886,60.0,50.15661575456768,-0.00843821485841545
496,41.333333333333336,50.154281087385925,61.9984411627702,60.0,50.15591535441315,-0.008404801854339894
497,41.416666666666664,50.15358993198448,61.99052755617261,60.0,50.155217727684544,-0.008371520743310157
498,41.5,50.152901513516625,61.98264518742119,60.0,50.15452286343416,-0.0083383710046121
499,41.583333333333336,50.1522158211787,61.97479393321976,60.0,50.15383075075752,-0.008305352119663212
500,41.666666666666664,50.15153284420969,61.96697367075882,60.0,50.153141378793165,-0.008272463572268407
501,41.75,50.150852571891036,61.959184277713334,60.0,50.152454736722525,-0.008239704847682106
502,41.833333333333336,50.15017499354651,61.95142563224138,60.0,50.151770813769716,-0.008207075433716682
503,41.916666666666664,50.149500098542,61.94369761298173,60.0,50.1510895992014,-0.008174574819804548
504,42.0,50.14882787628538,61.93600009905233,60.0,50.150411082326585,-0.008142202497765538
505,42.083333333333336,50.148158316226336,61.92833297004806,60.0,50.14973525249651,-0.008109957960868996
506,42.166666666666664,50.14749140785619,61.9206961060394,60.0,50.14906209910441,-0.008077840705198014
507,42.25,50.14682714070773,61.91308938756974,60.0,50.1483916115854,-0.00804585022811466
508,42.333333333333336,50.14616550435507,61.905512695654224,60.0,50.147723779416296,-0.00801398602928316
509,42.416666666666664,50.14550648841348,61.89796591177757,60.0,50.14705859211545,-0.00798224761015831
510,42.5,50.144850082539214,61.890448917892385,60.0,50.146396039242575,-0.007950634474497065
511,42.583333333333336,50.14419627642935,61.882961596417026,60.0,50.1457361103986,-0.007919146127676413
512,42.666666666666664,50.143545059821626,61.87550383023405,60.0,50.1450787952255,-0.007887782077204974
513,42.75,50.1428964224943,61.868075502688235,60.0,50.144424083406136,-0.007856541832381936
514,42.833333333333336,50.142250354265975,61.86067649758489,60.0,50.14377196466408,-0.007825424904638112
515,42.916666666666664,50.14160684499542,61.85330669918786,60.0,50.143122428763476,-0.0077944308072801505
516,43.0,50.140965884581455,61.845965992217764,60.0,50.142475465508866,-0.007763559055320002
517,43.083333333333336,50.14032746296276,61.83865426185039,60.0,50.14183106474503,-0.007732809166071775
518,43.166666666666664,50.13969157011772,61.83137139371453,60.0,50.141189216356835,-0.007702180658299085
519,43.25,50.13905819606428,61.82411727389064,60.0,50.140549910269065,-0.007671673053238237
520,43.333333333333336,50.1384273308598,61.81689178890851,60.0,50.13991313644628,-0.007641285873404513
521,43.416666666666664,50.13779896460086,61.809694825746035,60.0,50.139278884892654,-0.0076110186435300875
522,43.5,50.13717308742314,61.80252627182719,60.0,50.1386471456518,-0.007580870890222968
523,43.583333333333336,50.13654968950126,61.79538601502023,60.0,50.13801790880664,-0.007550842141966996
524,43.666666666666664,50.1359287610486,61.78827394363592,60.0,50.137391164479226,-0.007520931928951313
525,43.75,50.13531029231721,61.781189946425975,60.0,50.136766902830615,-0.007491139783326162
526,43.833333333333336,50.13469427359756,61.77413391258119,60.0,50.136145114060696,-0.00746146523903235
527,43.916666666666664,50.134080695218486,61.76710573172977,60.0,50.13552578840803,-0.007431907831971785
528,44.0,50.13346954754698,61.76010529393548,60.0,50.13490891614971,-0.00740246709983694
529,44.083333333333336,50.13286082098806,61.75313248969598,60.0,50.13429448760122,-0.0073731425819403285
530,44.166666666666664,50.132254505984605,61.74618720994128,60.0,50.133682493116225,-0.00734393381989662
531,44.25,50.131650593017234,61.73926934603161,60.0,50.13307292308653,-0.007314840356343666
532,44.333333333333336,50.13104907260412,61.732378789756446,60.0,50.13246576794181,-0.007285861736647803
533,44.416666666666664,50.13044993530088,61.725515433331935,60.0,50.13186101814953,-0.0072569975073690784
534,44.5,50.1298531717004,61.7186791693998,60.0,50.13125866421478,-0.007228247216943373
535,44.583333333333336,50.12925877243268,61.71186989102555,60.0,50.13065869668014,-0.0071996104156824
536,44.666666666666664,50.12866672816473,61.70508749169676,60.0,50.13006110612551,-0.007171086655603176
537,44.75,50.128077029600384,61.69833186532143,60.0,50.12946588316797,-0.007142675490513284
538,44.833333333333336,50.12748966748017,61.691602906226336,60.0,50.12887301846162,-0.0071143764761814055
539,44.916666666666664,50.12690463258116,61.684900509155156,60.0,50.12828250269747,-0.007086189169740464
540,45.0,50.12632191571683,61.67822456926723,60.0,50.127694326603276,-0.0070581131303697475
541,45.083333333333336,50.12574150773692,61.671574982135596,60.0,50.12710848094337,-0.007030147918868579
542,45.166666666666664,50.12516339952729,61.66495164374551,60.0,50.12652495651854,-0.007002293097997381
543,45.25,50.12458758200976,61.658354450492574,60.0,50.1259437441659,-0.006974548231625022
544,45.333333333333336,50.12401404614199,61.65178329918172,60.0,50.12536483475873,-0.00694691288609306
545,45.416666666666664,50.12344278291732,61.64523808702488,60.0,50.1247882192063,-0.006919386629107294
546,45.5,50.12287378336467,61.63871871163968,60.0,50.12421388845381,-0.006891969029908296
547,45.583333333333336,50.12230703854833,61.632225071048055,60.0,50.12364183348216,-0.006864659659783001
548,45.666666666666664,50.12174253956788,61.62575706367427,60.0,50.12307204530788,-0.006837458091382587
549,45.75,50.12118027755804,61.61931458834369,60.0,50.12250451498292,-0.006810363899489857
550,45.833333333333336,50.1206202436885,61.61289754428074,60.0,50.12193923359459,-0.006783376659996065
551,45.916666666666664,50.12006242916381,61.606505831107896,60.0,50.12137619226535,-0.006756495950838826
552,46.0,50.11950682522324,61.600139348843726,60.0,50.12081538215271,-0.0067297213516610555
553,46.083333333333336,50.11895342314064,61.59379799790133,60.0,50.12025679444909,-0.006703052443469915
554,46.166666666666664,50.11840221422429,61.58748167908705,60.0,50.11970042038165,-0.006676488809318926
555,46.25,50.11785318981679,61.5811902935985,60.0,50.119146251212186,-0.006650030033540588
556,46.333333333333336,50.117306341294906,61.57492374302346,60.0,50.118594278237,-0.0066236757022579695
557,46.416666666666664,50.11676166006944,61.56868192933811,60.0,50.11804449278672,-0.0065974254032994395
558,46.5,50.1162191375851,61.56246475490548,60.0,50.117496886226235,-0.00657127872585761
559,46.583333333333336,50.11567876532035,61.556272122474134,60.0,50.11695144995446,-0.006545235261256721
560,46.666666666666664,50.1151405347873,61.5501039351762,60.0,50.11640817540431,-0.006519294601844194
561,46.75,50.11460443753156,61.543960096526405,60.0,50.11586705404248,-0.00649345634192855
562,46.833333333333336,50.11407046513211,61.53784051042021,60.0,50.11532807736937,-0.0064677200773530785
563,46.916666666666664,50.11353860920116,61.53174508113239,60.0,50.1147912369189,-0.006442085405666376
564,47.0,50.11300886138403,61.525673713315435,60.0,50.11425652425844,-0.006416551925525482
565,47.083333333333336,50.11248121335903,61.51962631199849,60.0,50.11372393098861,-0.006391119237889598
566,47.166666666666664,50.1119556568373,61.51360278258524,60.0,50.11319344874322,-0.006365786944741103
567,47.25,50.1114321835627,61.507603030852884,60.0,50.112665069189056,-0.006340554649938213
568,47.333333333333336,50.110910785311674,61.501626962950425,60.0,50.112138784025845,-0.006315421958532852
569,47.416666666666664,50.110391453893136,61.495674485397544,60.0,50.11161458498603,-0.00629038847779384
570,47.5,50.109874181148314,61.48974550508249,60.0,50.11109246383471,-0.006265453815842648
571,47.583333333333336,50.10935895895065,61.4838399292613,60.0,50.110572412369486,-0.0062406175826765775
572,47.666666666666664,50.108845779205666,61.477957665556055,60.0,50.11005442242033,-0.006215879389827705
573,47.75,50.10833463385082,61.47209862195341,60.0,50.10953848584947,-0.006191238850362879
574,47.833333333333336,50.107825514855406,61.46626270680315,60.0,50.10902459455125,-0.006166695578627923
575,47.916666666666664,50.1073184142204,61.46044982881704,60.0,50.10851274045199,-0.006142249191100291
576,48.0,50.106813323978365,61.45465989706677,60.0,50.1080029155099,-0.006117899305110086
577,48.083333333333336,50.1063102361933,61.44889282098316,60.0,50.10749511171492,-0.006093645539777981
578,48.166666666666664,50.10580914296054,61.443148510354526,60.0,50.106989321088605,-0.00606948751575942
579,48.25,50.10531003640661,61.43742687532519,60.0,50.106485535684,-0.006045424855244619
580,48.333333333333336,50.10481290868911,61.43172782639404,60.0,50.105983747585526,-0.006021457181702772
581,48.416666666666664,50.10431775199661,61.42605127441338,60.0,50.10548394890885,-0.005997584120137844
582,48.5,50.10382455854849,61.42039713058744,60.0,50.10498613180074,-0.005973805297259105
583,48.583333333333336,50.10333332059486,61.414765306470784,60.0,50.104490288438974,-0.005950120341225329
584,48.666666666666664,50.1028440304164,61.409155713966975,60.0,50.1039964110322,-0.005926528881303739
585,48.75,50.10235668032427,61.4035682653275,60.0,50.10350449181982,-0.005903030548552124
586,48.833333333333336,50.101871262659984,61.39800287315012,60.0,50.10301452307186,-0.005879624975477782
587,48.916666666666664,50.10138776979527,61.39245945037749,60.0,50.10252649708888,-0.005856311795781721
588,49.0,50.100906194131966,61.38693791029604,60.0,50.1020404062018,-0.005833090644955519
589,49.083333333333336,50.10042652810192,61.381438166534316,60.0,50.101556242771835,-0.005809961159599197
590,49.166666666666664,50.09994876416683,61.3759601330619,60.0,50.10107399919033,-0.005786922978018083
591,49.25,50.099472894818156,61.370503724187856,60.0,50.10059366787868,-0.005763975739881744
592,49.333333333333336,50.09899891257699,61.36506885455941,60.0,50.100115241288165,-0.005741119086138724
593,49.416666666666664,50.09852680999395,61.35965543916077,60.0,50.09963871189989,-0.005718352659272341
594,49.5,50.09805657964905,61.354263393311676,60.0,50.09916407222463,-0.005695676103130154
595,49.583333333333336,50.09758821415159,61.34889263266614,60.0,50.098691314802714,-0.005673089063009229
596,49.666666666666664,50.09712170614006,61.343543073211066,60.0,50.09822043220392,-0.005650591185570875
597,49.75,50.09665704828198,61.33821463126496,60.0,50.09775141702733,-0.005628182119011171
598,49.833333333333336,50.096194233273835,61.332907223476525,60.0,50.09728426190128,-0.005605861512634647
599,49.916666666666664,50.09573325384091,61.32762076682358,60.0,50.096818959483166,-0.005583629017365865
600,50.0,50.09527410273723,61.32235517861157,60.0,50.09635550245939,-0.005561484285323104
601,50.083333333333336,50.094816772745396,61.31711037647244,60.0,50.09589388354519,-0.005539426970415207
602,50.166666666666664,50.09436125667652,61.311886278362934,60.0,50.095434095484585,-0.005517456727233139
603,50.25,50.09390754737007,61.306682802563984,60.0,50.09497613105023,-0.0054955732122436984
604,50.333333333333336,50.09345563769379,61.30149986767893,60.0,50.0945199830433,-0.005473776083192661
605,50.416666666666664,50.09300552054357,61.29633739263232,60.0,50.09406564429338,-0.0054520649990195125
606,50.5,50.09255718884334,61.2911952966688,60.0,50.09361310765836,-0.005430439620198513
607,50.583333333333336,50.09211063554495,61.28607349935168,60.0,50.09316236602433,-0.005408899608397633
608,50.666666666666664,50.091665853628086,61.28097192056178,60.0,50.09271341230545,-0.00538744462656382
609,50.75,50.09122283610014,61.27589048049627,60.0,50.09226623944385,-0.005366074339178795
610,50.833333333333336,50.09078157599608,61.27082909966721,60.0,50.09182084040952,-0.005344788412003254
611,50.916666666666664,50.09034206637841,61.26578769890034,60.0,50.09137720820018,-0.005323586512076872
612,51.0,50.089904300336975,61.260766199333894,60.0,50.09093533584121,-0.005302468307633035
613,51.083333333333336,50.08946827098892,61.255764522417486,60.0,50.09049521638552,-0.00528143346826937
614,51.166666666666664,50.08903397147853,61.25078258991081,60.0,50.09005684291342,-0.0052604816652035424
615,51.25,50.08860139497718,61.245820323882135,60.0,50.089620208532544,-0.005239612570505869
616,51.333333333333336,50.08817053468319,61.240877646707496,60.0,50.08918530637773,-0.0052188258577814395
617,51.416666666666664,50.0877413838217,61.23595448106926,60.0,50.08875212961092,-0.005198121201743788
618,51.5,50.08731393564463,61.231050749955074,60.0,50.08832067142103,-0.005177498278641224
619,51.583333333333336,50.08688818343051,61.226166376656444,60.0,50.08789092502387,-0.005156956765915766
620,51.666666666666664,50.08646412048441,61.221301284767605,60.0,50.08746288366203,-0.00513649634211788
621,51.75,50.086041740137816,61.21645539818447,60.0,50.08703654060476,-0.0051161166872475405
622,51.833333333333336,50.085621035748545,61.21162864110329,60.0,50.08661188914789,-0.0050958174824131675
623,51.916666666666664,50.08520200070062,61.20682093801959,60.0,50.0861889226137,-0.005075598410257953
624,52.0,50.084784628404186,61.20203221372676,60.0,50.085767634350844,-0.005055459154277742
625,52.083333333333336,50.084368912295396,61.197262393315214,60.0,50.085348017734205,-0.005035399399673679
626,52.166666666666664,50.08395484583631,61.19251140217083,60.0,50.08493006616483,-0.005015418832499563
627,52.25,50.08354242251479,61.18777916597412,60.0,50.084513773069816,-0.004995517140173433
628,52.333333333333336,50.08313163584441,61.18306561069897,60.0,50.08409913190219,-0.004975694011477572
629,52.416666666666664,50.082722479364335,61.17837066261134,60.0,50.08368613614083,-0.0049559491363879715
630,52.5,50.082314946639244,61.17369424826817,60.0,50.08327477929035,-0.004936282205733278
631,52.583333333333336,50.0819090312592,61.16903629451655,60.0,50.082865054881,-0.004916692912217968
632,52.666666666666664,50.08150472683958,61.16439672849199,60.0,50.08245695646857,-0.004897180949143376
633,52.75,50.08110202702097,61.15977547761781,60.0,50.08205047763428,-0.004877746011430872
634,52.833333333333336,50.080700925469024,61.1551724696037,60.0,50.0816456119847,-0.00485838779502501
635,52.916666666666664,50.08030141587442,61.150587632444676,60.0,50.081242353151616,-0.0048391059969787875
636,53.0,50.07990349195275,61.1460208944201,60.0,50.08084069479195,-0.004819900315965242
637,53.083333333333336,50.07950714744438,61.14147218409211,60.0,50.080440630587674,-0.004800770451339531
638,53.166666666666664,50.079112376114416,61.136941430305036,60.0,50.08004215424569,-0.004781716103821054
639,53.25,50.078719171752546,61.132428562184074,60.0,50.07964525949774,-0.004762736975408188
640,53.333333333333336,50.078327528172984,61.127933509134095,60.0,50.07924994010031,-0.004743832769122491
641,53.416666666666664,50.07793743921436,61.12345620083871,60.0,50.078856189834525,-0.004725003189435029
642,53.5,50.077548898739614,61.11899656725887,60.0,50.07846400250605,-0.004706247941669517
643,53.583333333333336,50.07716190063592,61.1145545386321,60.0,50.07807337194501,-0.004687566732513915
644,53.666666666666664,50.076776438814576,61.110130045471195,60.0,50.07768429200588,-0.004668959269594097
645,53.75,50.07639250721091,61.10572301856336,60.0,50.077296756567385,-0.004650425261900182
646,53.833333333333336,50.076010099784185,61.10133338896892,60.0,50.076910759532424,-0.004631964419530732
647,53.916666666666664,50.07562921051751,61.096961088020265,60.0,50.07652629482794,-0.004613576453778023
648,54.0,50.07524983341775,61.09260604732076,60.0,50.07614335640488,-0.004595261076786983
649,54.083333333333336,50.07487196251541,61.08826819874391,60.0,50.07576193823804,-0.0045770180020667794
650,54.166666666666664,50.07449559186456,61.08394747443212,60.0,50.075382034326,-0.004558846944490824
651,54.25,50.074120715542755,61.07964380679538,60.0,50.07500363869102,-0.004540747619699914
652,54.333333333333336,50.07374732765091,61.07535712851056,60.0,50.074626745378986,-0.004522719744443293
653,54.416666666666664,50.073375422313234,61.07108737252036,60.0,50.074251348459256,-0.004504763036749182
654,54.5,50.07300499367711,61.06683447203213,60.0,50.07387744202461,-0.004486877215754248
655,54.583333333333336,50.07263603591304,61.06259836051681,60.0,50.073505020191135,-0.004469062001703605
656,54.666666666666664,50.072268543214534,61.058378971707896,60.0,50.073134077098146,-0.00445131711586555
657,54.75,50.07190250979801,61.05417623960048,60.0,50.0727646069081,-0.004433642280531558
658,54.833333333333336,50.07153792990271,61.049990098450294,60.0,50.07239660380648,-0.0044160372194426145
659,54.916666666666664,50.07117479779064,61.045820482772335,60.0,50.07203006200173,-0.004398501657021825
660,55.0,50.070813107746424,61.04166732734024,60.0,50.071664975725135,-0.004381035319141802
661,55.083333333333336,50.07045285407726,61.03753056718493,60.0,50.071301339230764,-0.004363637932442543
662,55.166666666666664,50.070094031112816,61.03341013759387,60.0,50.070939146795375,-0.0043463092246724955
663,55.25,50.06973663320514,61.029305974110045,60.0,50.070578392718296,-0.004329048924944345
664,55.333333333333336,50.06938065472857,61.025218012530665,60.0,50.070219071321375,-0.0043118567630529014
665,55.416666666666664,50.069026090079646,61.02114618890655,60.0,50.06986117694885,-0.0042947324703277445
666,55.5,50.06867293367703,61.01709043954065,60.0,50.0695047039673,-0.004277675778610046
667,55.583333333333336,50.06832117996141,61.01305070098762,60.0,50.069149646765524,-0.00426068642127575
668,55.666666666666664,50.06797082339542,61.00902691005231,60.0,50.068795999754485,-0.004243764132468186
669,55.75,50.067621858463546,61.00501900378911,60.0,50.068443757367206,-0.004226908647353866
670,55.833333333333336,50.067274279672056,61.00102691950095,60.0,50.06809291405865,-0.004210119702634074
671,55.916666666666664,50.06692808154888,60.99705059473788,60.0,50.06774346430572,-0.004193397035180624
672,56.0,50.06658325864357,60.993089967296896,60.0,50.067395402607076,-0.004176740383741162
673,56.083333333333336,50.066239805527175,60.98914497522019,60.0,50.067048723483104,-0.004160149487660192
674,56.166666666666664,50.06589771679218,60.98521555679458,60.0,50.06670342147582,-0.004143624087390663
675,56.25,50.0655569870524,60.98130165055046,60.0,50.06635949114879,-0.0041271639244087055
676,56.333333333333336,50.06521761094294,60.9774031952609,60.0,50.06601692708703,-0.004110768741128368
677,56.416666666666664,50.06487958312004,60.97352012994067,60.0,50.06567572389693,-0.004094438281157409
678,56.5,50.06454289826107,60.969652393845195,60.0,50.06533587620617,-0.004078172289126769
679,56.583333333333336,50.06420755106438,60.96579992646957,60.0,50.06499737866363,-0.004061970510520041
680,56.666666666666664,50.063873536249254,60.96196266754776,60.0,50.06466022593931,-0.004045832691758733
681,56.75,50.06354084855583,60.9581405570517,60.0,50.06432441272427,-0.00402975858054333
682,56.833333333333336,50.063209482745,60.95433353519014,60.0,50.06398993373048,-0.004013747925426969
683,56.916666666666664,50.06287943359833,60.9505415424078,60.0,50.06365678369083,-0.003997800475815438
684,57.0,50.06255069591799,60.946764519384594,60.0,50.06332495735898,-0.003981915982222972
685,57.083333333333336,50.06222326452666,60.9430024070346,60.0,50.062994449509276,-0.003966094196442782
686,57.166666666666664,50.061897134267454,60.939255146504806,60.0,50.062665254936725,-0.00395033487060914
687,57.25,50.06157230000385,60.935522679174866,60.0,50.06233736845686,-0.003934637758391091
688,57.333333333333336,50.0612487566196,60.9318049466556,60.0,50.06201078490568,-0.003919002614139799
689,57.416666666666664,50.06092649901863,60.92810189078839,60.0,50.06168549913956,-0.003903429193485408
690,57.5,50.060605522125,60.92441345364394,60.0,50.06136150603519,-0.00388791725239912
691,57.583333333333336,50.060285820882804,60.920739577522006,60.0,50.06103880048947,-0.0038724665486427057
692,57.666666666666664,50.059967390256084,60.91708020494967,60.0,50.06071737741945,-0.0038570768402337308
693,57.75,50.059650225228765,60.91343527868114,60.0,50.060397231762245,-0.003841747886468738
694,57.833333333333336,50.05933432080457,60.90980474169652,60.0,50.06007835847494,-0.0038264794476674524
695,57.916666666666664,50.059019672006926,60.90618853720085,60.0,50.05976075253453,-0.003811271284916984
696,58.0,50.05870627387893,60.90258660862341,60.0,50.05944440893784,-0.0037961231602423595
697,58.083333333333336,50.05839412148323,60.898998899616814,60.0,50.05912932270146,-0.0037810348366065227
698,58.166666666666664,50.058083209901966,60.89542535405616,60.0,50.058815488861605,-0.0037660060782513938
699,58.25,50.057773534236674,60.89186591603777,60.0,50.058502902474125,-0.0037510366497599534
700,58.333333333333336,50.05746508960824,60.88832052987896,60.0,50.058191558614354,-0.003736126317249955
701,58.416666666666664,50.05715787115681,60.88478914011652,60.0,50.05788145237709,-0.0037212748471802115
702,58.5,50.056851874041705,60.88127169150642,60.0,50.057572578876474,-0.003706482007373779
703,58.583333333333336,50.05654709344135,60.877768129022556,60.0,50.05726493324593,-0.003691747566506365
704,58.666666666666664,50.05624352455321,60.8742783978559,60.0,50.05695851063811,-0.0036770712938505312
705,58.75,50.05594116259369,60.87080244341399,60.0,50.05665330622478,-0.003662452959957818
706,58.833333333333336,50.05564000279809,60.8673402113197,60.0,50.05634931519677,-0.0036478923361471516
707,58.916666666666664,50.05534004042052,60.86389164741051,60.0,50.056046532763894,-0.0036333891945048435
708,59.0,50.0550412707338,60.86045669773783,60.0,50.05574495415486,-0.003618943308396183
709,59.083333333333336,50.054743689029436,60.85703530856575,60.0,50.055444574617226,-0.0036045544516127848
710,59.166666666666664,50.0544472906175,60.85362742637067,60.0,50.055145389417305,-0.00359022239905471
711,59.25,50.05415207082659,60.85023299784026,60.0,50.054847393840085,-0.0035759469266452015
712,59.333333333333336,50.05385802500372,60.84685196987247,60.0,50.05455058318917,-0.0035617278109896233
713,59.416666666666664,50.05356514851428,60.843484289574924,60.0,50.0542549527867,-0.0035475648296312556
714,59.5,50.05327343674197,60.84012990426404,60.0,50.05396049797328,-0.003533457761051295
715,59.583333333333336,50.05298288508868,60.836788761464106,60.0,50.0536672141079,-0.00351940638458359
716,59.666666666666664,50.05269348897448,60.83346080890653,60.0,50.05337509656787,-0.003505410480329374
717,59.75,50.052405243837484,60.8301459945291,60.0,50.05308414074875,-0.003491469829413063
718,59.833333333333336,50.052118145133846,60.826844266475014,60.0,50.05279434206428,-0.003477584213641194
719,59.916666666666664,50.051832188337634,60.823555573092264,60.0,50.05250569594628,-0.003463753416014015
720,60.0,50.05154736894078,60.82027986293248,60.0,50.052218197844624,-0.003449977219872835
721,60.083333333333336,50.05126368245302,60.81701708475065,60.0,50.05193184322714,-0.0034362554098379405
722,60.166666666666664,50.0509811244018,60.8137671875039,60.0,50.05164662757954,-0.003422587771211738
723,60.25,50.05069969033224,60.81053012035085,60.0,50.05136254640534,-0.0034089740903198162
724,60.333333333333336,50.05041937580701,60.80730583265064,60.0,50.05107959522584,-0.0033954141539993543
725,60.416666666666664,50.05014017640633,60.804094273962505,60.0,50.05079776957999,-0.0033819077502812434
726,60.5,50.049862087727846,60.80089539404459,60.0,50.050517065024344,-0.003368454667707965
727,60.583333333333336,50.049585105386576,60.7977091428535,60.0,50.05023747713301,-0.0033550546960157135
728,60.666666666666664,50.04930922501486,60.79453547054319,60.0,50.049959001497555,-0.0033417076254522726
729,60.75,50.04903444226227,60.79137432746446,60.0,50.04968163372697,-0.003328413247032813
730,60.833333333333336,50.048760752795545,60.78822566416426,60.0,50.04940536944754,-0.0033151713531367477
731,60.916666666666664,50.04848815229854,60.785089431384385,60.0,50.049130204302834,-0.0033019817364845494
732,61.0,50.04821663647213,60.78196558006117,60.0,50.04885613395362,-0.0032888441905640775
733,61.083333333333336,50.047946201034165,60.778854061324765,60.0,50.048583154077775,-0.0032757585101421682
734,61.166666666666664,50.04767684171941,60.775754826497945,60.0,50.04831126037026,-0.003262724490156188
735,61.25,50.04740855427944,60.77266782709593,60.0,50.04804044854301,-0.0032497419269930106
736,61.333333333333336,50.04714133448263,60.76959301482504,60.0,50.0477707143249,-0.00323681061738057
737,61.416666666666664,50.04687517811403,60.76653034158237,60.0,50.047502053461635,-0.003223930359155247
738,61.5,50.04661008097533,60.763479759454746,60.0,50.04723446171574,-0.0032111009507502786
739,61.583333333333336,50.0463460388848,60.76044122071817,60.0,50.04696793486646,-0.0031983221913662874
740,61.666666666666664,50.046083047677214,60.75741467783711,60.0,50.04670246870968,-0.003185593881312343
741,61.75,50.04582110320379,60.75440008346344,60.0,50.046438059057905,-0.0031729158213238406
742,61.833333333333336,50.045560201332115,60.75139739043604,60.0,50.04617470174017,-0.0031602878128182965
743,61.916666666666664,50.04530033794608,60.748406551780185,60.0,50.045912392601934,-0.0031477096588332643
744,62.0,50.045041508945836,60.745427520705974,60.0,50.0456511275051,-0.003135181161979972
745,62.083333333333336,50.04478371024771,60.742460250608794,60.0,50.04539090232788,-0.003122702126660215
746,62.166666666666664,50.04452693778414,60.73950469506758,60.0,50.04513171296475,-0.003110272357531585
747,62.25,50.04427118750364,60.73656080784461,60.0,50.04487355532642,-0.0030978916600190587
748,62.333333333333336,50.044016455370695,60.73362854288478,60.0,50.0446164253397,-0.0030855598406560603
749,62.416666666666664,50.043762737365725,60.730707854314545,60.0,50.044360318947504,-0.003073276706317074
750,62.5,50.04351002948501,60.727798696441624,60.0,50.044105232108755,-0.003061042064985031
751,62.583333333333336,50.04325832774065,60.72490102375394,60.0,50.04385116079832,-0.0030488557252397186
752,62.666666666666664,50.043007628160474,60.72201479091907,60.0,50.043598101006964,-0.003036717496257779
753,62.75,50.04275792678798,60.7191399527837,60.0,50.04334604874126,-0.0030246271884095677
754,62.833333333333336,50.042509219682294,60.71627646437246,60.0,50.04309500002357,-0.003012584612321234
755,62.916666666666664,50.042261502918095,60.713424280887736,60.0,50.042844950891926,-0.003000589579727375
756,63.0,50.04201477258556,60.710583357708586,60.0,50.04259589740002,-0.0029886419028741784
757,63.083333333333336,50.041769024790284,60.707753650390295,60.0,50.0423478356171,-0.002976741395031013
758,63.166666666666664,50.04152425565325,60.704935114663385,60.0,50.04210076162794,-0.0029648878698935732
759,63.25,50.04128046131074,60.702127706433245,60.0,50.04185467153278,-0.0029530811419249403
760,63.333333333333336,50.04103763791429,60.69933138177937,60.0,50.04160956144723,-0.0029413210266113765
761,63.416666666666664,50.04079578163063,60.69654609695446,60.0,50.04136542750225,-0.0029296073397802047
762,63.5,50.04055488864161,60.69377180838403,60.0,50.04112226584405,-0.0029179398983671945
763,63.583333333333336,50.040314955144154,60.69100847266542,60.0,50.04088007263408,-0.002906318519649176
764,63.666666666666664,50.040075977350206,60.68825604656748,60.0,50.040638844048914,-0.0028947430220114256
765,63.75,50.03983795148665,60.68551448702947,60.0,50.04039857628023,-0.002883213224180281
766,63.833333333333336,50.03960087379528,60.68278375116081,60.0,50.04015926553474,-0.002871728945905261
767,63.916666666666664,50.0393647405327,60.68006379624008,60.0,50.03992090803412,-0.0028602900074474746
768,64.0,50.0391295479703,60.67735457971453,60.0,50.039683500014974,-0.002848896229750153
769,64.08333333333333,50.03889529239419,60.6746560591995,60.0,50.039447037728735,-0.002837547434864973
770,64.16666666666667,50.03866197010513,60.6719681924773,60.0,50.03921151744166,-0.0028262434449288776
771,64.25,50.0384295774185,60.669290937497195,60.0,50.03897693543471,-0.0028149840833577855
772,64.33333333333333,50.038198110664204,60.666624252374156,60.0,50.03874328800356,-0.0028037691738234116
773,64.41666666666667,50.03796756618664,60.663968095388654,60.0,50.038510571458474,-0.002792598541020652
774,64.5,50.03773794034463,60.66132242498569,60.0,50.038278782124316,-0.002781472009900199
775,64.58333333333333,50.03750922951137,60.65868719977455,60.0,50.03804791634043,-0.002770389406606455
776,64.66666666666667,50.03728143007438,60.656062378527686,60.0,50.037817970460615,-0.0027593505577954147
777,64.75,50.03705453843543,60.65344792018024,60.0,50.037588940853055,-0.0027483552907199282
778,64.83333333333333,50.03682855101049,60.65084378382948,60.0,50.037360823900286,-0.0027374034332297015
779,64.91666666666667,50.03660346422968,60.64824992873424,60.0,50.037133615999096,-0.002726494814282887
780,65.0,50.03637927453721,60.64566631431387,60.0,50.036907313560526,-0.0027156292628376377
781,65.08333333333333,50.03615597839133,60.643092900148275,60.0,50.03668191300976,-0.002704806609216348
782,65.16666666666667,50.035933572264256,60.64052964597658,60.0,50.036457410786106,-0.002694026683826678
783,65.25,50.03571205264214,60.63797651169708,60.0,50.03623380334291,-0.002683289318355264
784,65.33333333333333,50.035491416024996,60.635433457366055,60.0,50.03601108714753,-0.0026725943445740086
785,65.41666666666667,50.03527165892666,60.63290044319764,60.0,50.03578925868126,-0.0026619415951927294
786,65.5,50.03505277787473,60.630377429563005,60.0,50.0355683144393,-0.002651330903518101
787,65.58333333333333,50.0348347694105,60.62786437698975,60.0,50.03534825093066,-0.0026407621037094486
788,65.66666666666667,50.03461763008892,60.62536124616112,60.0,50.03512906467813,-0.0026302350303524236
789,65.75,50.03440135647853,60.62286799791561,60.0,50.03491075221825,-0.0026197495185442676
790,65.83333333333333,50.03418594516143,60.620384593246484,60.0,50.034693310101204,-0.0026093054045759345
791,65.91666666666667,50.0339713927332,60.61791099330063,60.0,50.0344767348908,-0.002598902524823643
792,66.0,50.03375769580286,60.61544715937853,60.0,50.03426102316441,-0.0025885407166867935
793,66.08333333333333,50.03354485099282,60.612993052933255,60.0,50.034046171512934,-0.0025782198177353166
794,66.16666666666667,50.0333328549388,60.61054863557032,60.0,50.033832176540685,-0.00256793966698865
795,66.25,50.033121704289826,60.60811386904631,60.0,50.033619034865424,-0.002557700103125171
796,66.33333333333333,50.03291139570813,60.60568871526926,60.0,50.033406743118235,-0.0025475009662727643
797,66.41666666666667,50.03270192586914,60.6032731362972,60.0,50.03319529794351,-0.0025373420967298443
798,66.5,50.032493291461385,60.60086709433806,60.0,50.03298469599887,-0.002527223335647477
799,66.58333333333333,50.03228548918647,60.59847055174885,60.0,50.032774933955146,-0.0025171445246883195
800,66.66666666666667,50.032078515759025,60.5960834710352,60.0,50.0325660084963,-0.002507105506111884
801,66.75,50.031872367906644,60.593705814850765,60.0,50.0323579163194,-0.0024971061228598046
802,66.83333333333333,50.03166704236984,60.59133754599661,60.0,50.032150654134526,-0.0024871462184705706
803,66.91666666666667,50.03146253590199,60.58897862742064,60.0,50.03194421866476,-0.0024772256371647927
804,67.0,50.03125884526927,60.58662902221697,60.0,50.031738606646115,-0.0024673442237599374
805,67.08333333333333,50.03105596725065,60.584288693625346,60.0,50.03153381482747,-0.0024575018237555923
806,67.16666666666667,50.030853898637794,60.58195760503052,60.0,50.03132983997057,-0.002447698282821875
807,67.25,50.03065263623503,60.57963571996209,60.0,50.0311266788499,-0.002437933447993146
808,67.33333333333333,50.030452176859306,60.577323002093216,60.0,50.030924328252716,-0.002428207166218499
809,67.41666666666667,50.030252517340124,60.57501941524069,60.0,50.030722784978934,-0.0024185192853849458
810,67.5,50.03005365451951,60.57272492336408,60.0,50.03052204584111,-0.002408869653891088
811,67.58333333333333,50.02985558525196,60.57043949056522,60.0,50.03032210766436,-0.002399258120988179
812,67.66666666666667,50.02965830640436,60.56816308108744,60.0,50.03012296728636,-0.0023896845360127372
813,67.75,50.029461814855985,60.565895659315466,60.0,50.02992462155724,-0.0023801487494097273
814,67.83333333333333,50.02926610749842,60.563637189774376,60.0,50.02972706733959,-0.0023706506117946446
815,67.91666666666667,50.02907118123553,60.56138763712946,60.0,50.029530301508366,-0.002361189974720901
816,68.0,50.02887703298338,60.55914696618532,60.0,50.029334320950866,-0.002351766689997703
817,68.08333333333333,50.02868365967023,60.55691514188564,60.0,50.02913912256667,-0.0023423806103721745
818,68.16666666666667,50.02849105823644,60.554692129312315,60.0,50.0289447032676,-0.002333031588847234
819,68.25,50.02829922563447,60.55247789368519,60.0,50.02875105997766,-0.002323719479278452
820,68.33333333333333,50.028108158828786,60.55027240036127,60.0,50.028558189632996,-0.002314444135947724
821,68.41666666666667,50.02791785479586,60.548075614834325,60.0,50.02836608918185,-0.002305205413733802
822,68.5,50.027728310524076,60.54588750273432,60.0,50.028174755584516,-0.0022960031680270276
823,68.58333333333333,50.02753952301372,60.54370802982693,60.0,50.02798418581328,-0.0022868372548146
824,68.66666666666667,50.02735148927691,60.54153716201302,60.0,50.02779437685237,-0.002277707530936368
825,68.75,50.02716420633756,60.53937486532778,60.0,50.02760532569792,-0.0022686138534027123
826,68.83333333333333,50.02697767123133,60.53722110594061,60.0,50.02741702935794,-0.002259556079735603
827,68.91666666666667,50.02679188100558,60.53507585015464,60.0,50.02722948485223,-0.0022505340685654573
828,69.0,50.026606832719324,60.53293906440567,60.0,50.02704268921235,-0.002241547678522693
829,69.08333333333333,50.02642252344319,60.53081071526217,60.0,50.0268566394816,-0.002232596769005113
830,69.16666666666667,50.02623895025936,60.52869076942459,60.0,50.026671332714926,-0.002223681200092642
831,69.25,50.02605611026154,60.526579193724686,60.0,50.0264867659789,-0.0022148008322915302
832,69.33333333333333,50.0258740005549,60.52447595512512,60.0,50.0263029363517,-0.002205955526449088
833,69.41666666666667,50.02569261825604,60.522381020719166,60.0,50.026119840922995,-0.002197145144435808
834,69.5,50.025511960492935,60.52029435772974,60.0,50.02593747679398,-0.0021883695482074472
835,69.58333333333333,50.02533202440491,60.5182159335093,60.0,50.025755841077256,-0.0021796286006576793
836,69.66666666666667,50.02515280714257,60.516145715539004,60.0,50.025574930896845,-0.0021709221649359733
837,69.75,50.024974305867765,60.514083671428416,60.0,50.02539474338812,-0.0021622501047033893
838,69.83333333333333,50.02479651775356,60.512029768915085,60.0,50.02521527569775,-0.0021536122844736383
839,69.91666666666667,50.02461943998416,60.509983975863705,60.0,50.02503652498366,-0.002145008569016227
840,70.0,50.024443069754895,60.50794626026588,60.0,50.02485848841503,-0.0021364388236122522
841,70.08333333333333,50.02426740427217,60.50591659023968,60.0,50.02468116317216,-0.002127902914395463
842,70.16666666666667,50.024092440753414,60.50389493402877,60.0,50.024504546446536,-0.002119400707499608
843,70.25,50.023918176427024,60.50188126000249,60.0,50.02432863544068,-0.0021109320702521472
844,70.33333333333333,50.023744608532354,60.49987553665467,60.0,50.02415342736818,-0.0021024968700658064
845,70.41666666666667,50.023571734319646,60.497877732603584,60.0,50.02397891945362,-0.0020940949746943716
846,70.5,50.02339955105,60.49588781659162,60.0,50.023805108932535,-0.0020857262530000753
847,70.58333333333333,50.02322805599532,60.49390575748425,60.0,50.02363199305137,-0.0020773905740156806
848,70.66666666666667,50.02305724643828,60.49193152426985,60.0,50.02345956906744,-0.002069087807115011
849,70.75,50.02288711967228,60.48996508605941,60.0,50.02328783424889,-0.002060817822609806
850,70.83333333333333,50.022717673001424,60.4880064120856,60.0,50.02311678587464,-0.0020525804909823364
851,70.91666666666667,50.022548903740415,60.4860554717027,60.0,50.022946421234366,-0.0020443756833117277
852,71.0,50.02238080921459,60.48411223438593,60.0,50.022776737628426,-0.002036203271273962
853,71.08333333333333,50.02221338675982,60.48217666973098,60.0,50.022607732367845,-0.0020280631269713467
854,71.16666666666667,50.02204663372251,60.480248747453565,60.0,50.022439402774246,-0.0020199551231883106
855,71.25,50.02188054745953,60.47832843738879,60.0,50.022271746179825,-0.0020118791330503427
856,71.33333333333333,50.02171512533818,60.47641570949084,60.0,50.02210475992733,-0.0020038350299387275
857,71.41666666666667,50.02155036473616,60.47451053383273,60.0,50.021938441369976,-0.001995822688257931
858,71.5,50.0213862630415,60.47261288060535,60.0,50.02177278787143,-0.0019878419825829496
859,71.58333333333333,50.02122281765257,60.47072272011731,60.0,50.02160779680577,-0.001979892787915105
860,71.66666666666667,50.02106002597799,60.468840022794524,60.0,50.02144346555743,-0.0019719749800231057
861,71.75,50.020897885436604,60.46696475917952,60.0,50.02127979152118,-0.00196408843501672
862,71.83333333333333,50.02073639345746,60.46509689993107,60.0,50.02111677210206,-0.001956233029432042
863,71.91666666666667,50.020575547479744,60.46323641582384,60.0,50.02095440471537,-0.0019484086403167566
864,72.0,50.020415344952745,60.4613832777479,60.0,50.02079268678658,-0.0019406151454859355
865,72.08333333333333,50.020255783335834,60.459537456707956,60.0,50.020631615751356,-0.0019328524226693844
866,72.16666666666667,50.0200968600984,60.45769892382351,60.0,50.02047118905546,-0.001925120350705356
867,72.25,50.01993857271981,60.45586765032774,60.0,50.02031140415477,-0.001917418808346838
868,72.33333333333333,50.019780918689406,60.45404360756765,60.0,50.020152258515154,-0.0019097476753699993
869,72.41666666666667,50.01962389550642,60.45222676700305,60.0,50.01999374961253,-0.001902106831465744
870,72.5,50.01946750067996,60.45041710020667,60.0,50.01983587493276,-0.0018944961572628927
871,72.58333333333333,50.01931173172896,60.448614578863285,60.0,50.01967863197162,-0.0018869155336460608
872,72.66666666666667,50.01915658618217,60.44681917476945,60.0,50.01952201823478,-0.0018793648420967202
873,72.75,50.019002061578064,60.44503085983296,60.0,50.019366031237766,-0.0018718439641816076
874,72.83333333333333,50.018848155464845,60.44324960607276,60.0,50.019210668505885,-0.0018643527825759065
875,72.91666666666667,50.01869486540039,60.4414753856179,60.0,50.01905592757423,-0.0018568911798695353
876,73.0,50.01854218895223,60.439708170707625,60.0,50.018901805987625,-0.0018494590392492682
877,73.08333333333333,50.01839012369748,60.43794793369082,60.0,50.018748301300576,-0.0018420562445840005
878,73.16666666666667,50.01823866722282,60.43619464702535,60.0,50.01859541107724,-0.0018346826799984228
879,73.25,50.01808781712446,60.434448283277845,60.0,50.018443132891406,-0.0018273382300435514
880,73.33333333333333,50.0179375710081,60.43270881512328,60.0,50.01829146432641,-0.0018200227799525237
881,73.41666666666667,50.01778792648888,60.43097621534433,60.0,50.01814040297515,-0.0018127362151290072
882,73.5,50.01763888119137,60.42925045683124,60.0,50.01798994644001,-0.0018054784216587905
883,73.58333333333333,50.0174904327495,60.42753151258116,60.0,50.01784009233285,-0.0017982492859687227
884,73.66666666666667,50.01734257880655,60.425819355697826,60.0,50.01769083827495,-0.0017910486947414483
885,73.75,50.017195317015094,60.42411395939132,60.0,50.01754218189699,-0.0017838765355122632
886,73.83333333333333,50.01704864503698,60.42241529697729,60.0,50.017394120838986,-0.0017767326960722585
887,73.91666666666667,50.01690256054327,60.42072334187669,60.0,50.017246652750266,-0.001769617064638851
888,74.0,50.016757061214236,60.419038067615375,60.0,50.01709977528945,-0.001762529529770518
889,74.08333333333333,50.0166121447393,60.4173594478238,60.0,50.0169534861244,-0.0017554699806225926
890,74.16666666666667,50.01646780881699,60.41568745623645,60.0,50.016807782932176,-0.0017484383066914688
891,74.25,50.016324051154946,60.41402206669151,60.0,50.016662663399,-0.0017414343980703961
892,74.33333333333333,50.01618086946983,60.41236325313033,60.0,50.016518125220244,-0.0017344581451084196
893,74.41666666666667,50.01603826148733,60.410710989597156,60.0,50.01637416610037,-0.0017275094384956446
894,74.5,50.01589622494211,60.40906525023883,60.0,50.01623078375289,-0.0017205881697748282
895,74.58333333333333,50.01575475757777,60.40742600930399,60.0,50.01608797590035,-0.001713694230488727
896,74.66666666666667,50.01561385714682,60.40579324114305,60.0,50.01594574027429,-0.0017068275126916888
897,74.75,50.015473521410634,60.40416692020775,60.0,50.01580407461519,-0.001699987909205447
898,74.83333333333333,50.01533374813943,60.4025470210504,60.0,50.01566297667246,-0.0016931753127664706
899,74.91666666666667,50.01519453511224,60.400933518324,60.0,50.01552244420439,-0.001686389616793349
900,75.0,50.015055880116826,60.39932638678156,60.0,50.01538247497812,-0.0016796307153015277
901,75.08333333333333,50.014917780949716,60.39772560127557,60.0,50.01524306676959,-0.0016728985023064524
902,75.16666666666667,50.01478023541612,60.39613113675798,60.0,50.01510421736354,-0.0016661928725909547
903,75.25,50.014643241329914,60.3945429682795,60.0,50.01496592455345,-0.0016595137211083966
904,75.33333333333333,50.0145067965136,60.39296107098943,60.0,50.01482818614149,-0.001652860943494261
905,75.41666666666667,50.014370898798276,60.391385420135,60.0,50.01469099993852,-0.0016462344356398262
906,75.5,50.0142355460236,60.38981599106118,60.0,50.01455436376404,-0.0016396340937774312
907,75.58333333333333,50.01410073603776,60.38825275921028,60.0,50.014418275446154,-0.0016330598146510056
908,75.66666666666667,50.01396646669744,60.38669570012157,60.0,50.01428273282154,-0.0016265114953455395
909,75.75,50.01383273586777,60.38514478943088,60.0,50.014147733735406,-0.0016199890336281442
910,75.83333333333333,50.01369954142233,60.38360000286999,60.0,50.01401327604148,-0.0016134923270954005
911,75.91666666666667,50.01356688124307,60.382061316266785,60.0,50.01387935760195,-0.0016070212743670709
912,76.0,50.01343475322032,60.380528705544315,60.0,50.01374597628745,-0.0016005757739776527
913,76.08333333333333,50.01330315525271,60.379002146720836,60.0,50.013613129977024,-0.0015941557251437644
914,76.16666666666667,50.013172085247184,60.37748161590921,60.0,50.013480816558065,-0.0015877610275083498
915,76.25,50.01304154111895,60.375967089316475,60.0,50.013349033926325,-0.0015813915808848833
916,76.33333333333333,50.012911520791434,60.3744585432437,60.0,50.01321777998585,-0.001575047285683695
917,76.41666666666667,50.01278202219626,60.37295595408542,60.0,50.01308705264897,-0.0015687280425709105
918,76.5,50.01265304327323,60.3714592983294,60.0,50.01295684983625,-0.0015624337526389809
919,76.58333333333333,50.01252458197026,60.36996855255623,60.0,50.01282716947645,-0.0015561643175772133
920,76.66666666666667,50.01239663624337,60.36848369343876,60.0,50.01269800950652,-0.00154991963916018
921,76.75,50.01226920405666,60.36700469774204,60.0,50.01256936787156,-0.0015436996195035135
922,76.83333333333333,50.01214228338224,60.36553154232298,60.0,50.01244124252476,-0.0015375041616607632
923,76.91666666666667,50.01201587220025,60.36406420412946,60.0,50.0123136314274,-0.0015313331682591524
924,77.0,50.01188996849879,60.362602660200785,60.0,50.01218653254882,-0.0015251865430343514
925,77.08333333333333,50.01176457027391,60.36114688766658,60.0,50.01205994386634,-0.0015190641897220303
926,77.16666666666667,50.01163967552955,60.35969686374681,60.0,50.0119338633653,-0.0015129660124841848
927,77.25,50.01151528227756,60.358252565751414,60.0,50.011808289038974,-0.0015068919159091365
928,77.33333333333333,50.0113913885376,60.356813971079845,60.0,50.01168321888856,-0.0015008418050115324
929,77.41666666666667,50.011267992337174,60.35538105722072,60.0,50.011558650923135,-0.001494815585061815
930,77.5,50.01114509171157,60.353953801751565,60.0,50.01143458315966,-0.0014888131616714873
931,77.58333333333333,50.01102268470381,60.35253218233848,60.0,50.0113110136229,-0.0014828344411341732
932,77.66666666666667,50.01090076936467,60.351116176735516,60.0,50.01118794034543,-0.0014768793296582317
933,77.75,50.01077934375259,60.34970576278475,60.0,50.01106536136757,-0.0014709477343046728
934,77.83333333333333,50.0106584059337,60.34830091841549,60.0,50.01094327473741,-0.0014650395619639767
935,77.91666666666667,50.01053795398174,60.34690162164441,60.0,50.0108216785107,-0.0014591547204645394
936,78.0,50.010417985978066,60.34550785057471,60.0,50.010700570750906,-0.0014532931175494923
937,78.08333333333333,50.01029850001161,60.34411958339617,60.0,50.01057994952911,-0.0014474546615588224
938,78.16666666666667,50.010179494178836,60.34273679838459,60.0,50.010459812924026,-0.001441639261003047
939,78.25,50.01006096658373,60.34135947390165,60.0,50.01034015902193,-0.0014358468251600698
940,78.33333333333333,50.00994291533776,60.33998758839414,60.0,50.010220985916675,-0.0014300772630519987
941,78.41666666666667,50.00982533855984,60.33862112039427,60.0,50.01010229170962,-0.0014243304846388583
942,78.5,50.009708234376326,60.33726004851874,60.0,50.00998407450963,-0.001418606399880673
943,78.58333333333333,50.009591600920956,60.33590435146876,60.0,50.00986633243302,-0.0014129049193343235
944,78.66666666666667,50.00947543633483,60.33455400802948,60.0,50.009749063603564,-0.0014072259534714249
945,78.75,50.009359738766406,60.33320899707007,60.0,50.009632266152416,-0.001401569413786774
946,78.83333333333333,50.009244506371424,60.33186929754277,60.0,50.009515938218115,-0.0013959352116046375
947,78.91666666666667,50.009129737312925,60.330534888483044,60.0,50.00940007794655,-0.0013903232587608727
948,79.0,50.009015429761185,60.329205749009105,60.0,50.00928468349094,-0.0013847334673471323
949,79.08333333333333,50.00890158189371,60.32788185832166,60.0,50.00916975301177,-0.001379165750051925
950,79.16666666666667,50.0087881918952,60.326563195703365,60.0,50.00905528467679,-0.0013736200197342896
951,79.25,50.00867525795752,60.325249740518665,60.0,50.008941276661005,-0.0013680961894237953
952,79.33333333333333,50.00856277827967,60.32394147221361,60.0,50.0088277271466,-0.0013625941728321322
953,79.41666666666667,50.008450751067755,60.32263837031526,60.0,50.00871463432294,-0.001357113883926786
954,79.5,50.00833917453497,60.3213404144314,60.0,50.008601996386545,-0.0013516552367605073
955,79.58333333333333,50.00822804690155,60.32004758425048,60.0,50.00848981154104,-0.0013462181460681677
956,79.66666666666667,50.008117366394764,60.31875985954098,60.0,50.00837807799715,-0.0013408025266699042
957,79.75,50.00800713124888,60.317477220151325,60.0,50.008266793972666,-0.0013354082938121792
958,79.83333333333333,50.00789733970513,60.31619964600947,60.0,50.008155957692395,-0.001330035363253046
959,79.91666666666667,50.007787990011686,60.31492711712245,60.0,50.00804556738818,-0.0013246836505800275
960,80.0,50.007679080423635,60.313659613576505,60.0,50.00793562129881,-0.0013193530724038283
961,80.08333333333333,50.007570609202965,60.31239711553615,60.0,50.00782611767005,-0.0013140435451646226
962,80.16666666666667,50.00746257461851,60.31113960324432,60.0,50.007717054754586,-0.0013087549855583802
963,80.25,50.00735497494593,60.30988705702214,60.0,50.007608430811985,-0.001303487311218987
964,80.33333333333333,50.00724780846772,60.308639457268015,60.0,50.0075002441087,-0.0012982404394392688
965,80.41666666666667,50.007141073473115,60.307396784458,60.0,50.00739249291802,-0.0012930142881089068
966,80.5,50.00703476825814,60.3061590191452,60.0,50.00728517552005,-0.0012878087756291734
967,80.58333333333333,50.00692889112551,60.3049261419593,60.0,50.00717829020169,-0.0012826238203160756
968,80.66666666666667,50.00682344038468,60.303698133606645,60.0,50.00707183525658,-0.0012774593413382718
969,80.75,50.00671841435174,60.30247497486945,60.0,50.00696580898512,-0.0012723152575233598
970,80.83333333333333,50.006613811349446,60.301256646606106,60.0,50.006860209694416,-0.0012671914884663238
971,80.91666666666667,50.006509629707175,60.30004312975048,60.0,50.00675503569824,-0.0012620879541032082
972,81.0,50.00640586776088,60.29883440531155,60.0,50.00665028531703,-0.0012570045745405878
973,81.08333333333333,50.006302523853115,60.29763045437331,60.0,50.00654595687785,-0.0012519412701408328
974,81.16666666666667,50.00619959633294,60.29643125809448,60.0,50.006442048714376,-0.001246897961692639
975,81.25,50.00609708355596,60.29523679770812,60.0,50.00633855916684,-0.0012418745704110279
976,81.33333333333333,50.00599498388425,60.29404705452123,60.0,50.006235486582064,-0.0012368710173404907
977,81.41666666666667,50.00589329568636,60.29286200991493,60.0,50.00613282931335,-0.0012318872245487
978,81.5,50.005792017337285,60.29168164534345,60.0,50.00603058572053,-0.0012269231138475334
979,81.58333333333333,50.00569114721842,60.29050594233443,60.0,50.005928754169894,-0.001221978607645724
980,81.66666666666667,50.00559068371756,60.28933488248831,60.0,50.00582733303419,-0.0012170536284372702
981,81.75,50.00549062522885,60.28816844747829,60.0,50.00572632069259,-0.0012121480992277611
982,81.83333333333333,50.005390970152796,60.28700661904982,60.0,50.00562571553065,-0.0012072619432785814
983,81.91666666666667,50.00529171689619,60.28584937902037,60.0,50.005525515940306,-0.0012023950841069109
984,82.0,50.00519286387213,60.284696709279196,60.0,50.00542572031985,-0.001197547445485725
985,82.08333333333333,50.00509440949998,60.28354859178709,60.0,50.00532632707388,-0.0011927189516143244
986,82.16666666666667,50.00499635220534,60.282405008575985,60.0,50.005227334613316,-0.0011879095267772755
987,82.25,50.004898690420006,60.281265941748885,60.0,50.00512874135532,-0.0011831190959412652
988,82.33333333333333,50.00480142258199,60.2801313734792,60.0,50.005030545723315,-0.0011783475840729807
989,82.41666666666667,50.00470454713546,60.27900128601077,60.0,50.004932746146956,-0.0011735949163096393
990,82.5,50.00460806253072,60.27787566165769,60.0,50.00483534106208,-0.0011688610184705794
991,82.58333333333333,50.00451196722419,60.27675448280368,60.0,50.00473832891071,-0.0011641458164604046
992,82.66666666666667,50.00441625967839,60.275637731902,60.0,50.00464170814101,-0.0011594492364395137
993,82.75,50.00432093836191,60.2745253914752,60.0,50.00454547720727,-0.001154771204824101
994,82.83333333333333,50.004226001749366,60.273417444114905,60.0,50.004449634569895,-0.0011501116485419516
995,82.91666666666667,50.004131448321424,60.272313872481305,60.0,50.00435417869535,-0.0011454704945208505
996,83.0,50.00403727656472,60.27121465930319,60.0,50.00425910805616,-0.0011408476702854387
997,83.08333333333333,50.003943484971884,60.27011978737735,60.0,50.004164421130874,-0.0011362431034456222
998,83.16666666666667,50.00385007204148,60.26902923956852,60.0,50.00407011640405,-0.0011316567218671025
999,83.25,50.003757036278,60.26794299880913,60.0,50.00397619236624,-0.0011270884537566417
1000,83.33333333333333,50.00366437619186,60.266861048099024,60.0,50.00388264751392,-0.0011225382278325924
1001,83.41666666666667,50.00357209029932,60.26578337050489,60.0,50.00378948034954,-0.001118005972557512
1002,83.5,50.00348017712253,60.2647099491606,60.0,50.003696689381435,-0.0011134916172466092
1003,83.58333333333333,50.00338863518945,60.26364076726634,60.0,50.00360427312384,-0.0011089950911298274
1004,83.66666666666667,50.00329746303387,60.26257580808873,60.0,50.003512230096845,-0.001104516323948701
1005,83.75,50.00320665919534,60.26151505496032,60.0,50.00342055882639,-0.0011000552454447643
1006,83.83333333333333,50.003116222219205,60.26045849127961,60.0,50.00332925784423,-0.0010956117859564074
1007,83.91666666666667,50.00302615065653,60.25940610051046,60.0,50.00323832568792,-0.0010911858757367554
1008,84.0,50.00293644306411,60.25835786618221,60.0,50.00314776090077,-0.0010867774458063195
1009,84.08333333333333,50.00284709800442,60.257313771888924,60.0,50.00305756203186,-0.0010823864268445504
1010,84.16666666666667,50.00275811404564,60.25627380128974,60.0,50.00296772763599,-0.0010780127504688153
1011,84.25,50.00266948976157,60.25523793810795,60.0,50.00287825627366,-0.0010736563479554206
1012,84.33333333333333,50.00258122373167,60.254206166131375,60.0,50.002789146511056,-0.0010693171512627941
1013,84.41666666666667,50.00249331454097,60.25317846921167,60.0,50.00270039692003,-0.0010649950923493634
1014,84.5,50.002405760780114,60.25215483126436,60.0,50.00261200607805,-0.0010606901036851468
1015,84.58333333333333,50.0023185610453,60.251135236268354,60.0,50.00252397256822,-0.0010564021179959582
1016,84.66666666666667,50.002231713938265,60.25011966826568,60.0,50.00243629497923,-0.001052131067837081
1017,84.75,50.00214521806627,60.249108111361686,60.0,50.00234897190534,-0.0010478768867017152
1018,84.83333333333333,50.00205907204206,60.24810054972412,60.0,50.00226200194635,-0.0010436395079125305
1019,84.91666666666667,50.00197327448387,60.247096967583325,60.0,50.0021753837076,-0.0010394188649627267
1020,85.0,50.00188782401539,60.246097349232045,60.0,50.00208911579994,-0.0010352148919423598
1021,85.08333333333333,50.00180271926573,60.2451016790249,60.0,50.00200319683968,-0.0010310275231120158
1022,85.16666666666667,50.00171795886942,60.24410994137819,60.0,50.0019176254486,-0.0010268566929880762
1023,85.25,50.001633541466376,60.24312212076969,60.0,50.00183240025393,-0.0010227023360016574
1024,85.33333333333333,50.001549465701885,60.2421382017387,60.0,50.00174751988832,-0.0010185643873512618
1025,85.41666666666667,50.00146573022658,60.24115816888534,60.0,50.0016629829898,-0.0010144427822353919
1026,85.5,50.00138233369641,60.24018200687056,60.0,50.00157878820178,-0.0010103374561936107
1027,85.58333333333333,50.001299274772656,60.239209700415785,60.0,50.00149493417304,-0.0010062483449360116
1028,85.66666666666667,50.00121655212185,60.2382412343028,60.0,50.001411419557684,-0.0010021753842579528
1029,85.75,50.001134164415824,60.23727659337363,60.0,50.001328243015124,-0.000998118510722179
1030,85.83333333333333,50.001052110331614,60.236315762529856,60.0,50.00124540321006,-0.0009940776607209045
1031,85.91666666666667,50.0009703885515,60.235358726732734,60.0,50.00116289881249,-0.000990052770902139
1032,86.0,50.00088899776296,60.234405471002994,60.0,50.00108072849763,-0.0009860437783402176
1033,86.08333333333333,50.000807936658646,60.233455980420416,60.0,50.00099889094593,-0.0009820506203652712
1034,86.16666666666667,50.00072720393638,60.2325102401236,60.0,50.000917384843056,-0.0009780732344779608
1035,86.25,50.000646798299115,60.2315682353098,60.0,50.000836208879875,-0.0009741115581789472
1036,86.33333333333333,50.000566718454934,60.23062995123494,60.0,50.00075536175238,-0.0009701655299068079
1037,86.41666666666667,50.00048696311701,60.22969537321269,60.0,50.00067484216177,-0.0009662350873327341
1038,86.5,50.0004075310036,60.228764486615255,60.0,50.000594648814314,-0.000962320169492159
1039,86.58333333333333,50.000328420838024,60.22783727687202,60.0,50.000514780421426,-0.0009584207146531298
1040,86.66666666666667,50.00024963134862,60.22691372947035,60.0,50.000435235699584,-0.0009545366621068752
1041,86.75,50.00017116126878,60.22599382995454,60.0,50.000356013370336,-0.0009506679509740934
1042,86.83333333333333,50.000093009336865,60.22507756392606,60.0,50.00027711216029,-0.0009468145205460132
1043,86.91666666666667,50.00001517429622,60.224164917043325,60.0,50.000198530801065,-0.0009429763107107192
1044,87.0,49.99993765489518,60.223255875021195,60.0,50.0001202680293,-0.0009391532611857656
1045,87.08333333333333,49.999860449886974,60.22235042363109,60.0,50.0000423225866,-0.0009353453123708277
1046,87.16666666666667,49.99978355802978,60.221448548700366,60.0,49.99996469321955,-0.0009315524045803159
1047,87.25,49.999706978086685,60.220550236112395,60.0,49.99988737867969,-0.0009277744783844355
1048,87.33333333333333,49.99963070882564,60.219655471806334,60.0,49.99981037772346,-0.0009240114746944528
1049,87.41666666666667,49.99955474901947,60.21876424177679,60.0,49.99973368911226,-0.0009202633344216338
1050,87.5,49.99947909744583,60.21787653207383,60.0,49.999657311612324,-0.0009165299992446307
